result_label,launch_speed,launch_angle,spray_angle,hit_distance_sc,bb_type
OUT,92.4,-13,-39.406279926408544,13,ground_ball
OUT,102.7,0,-30.653213342567618,42,ground_ball
OUT,103.3,23,31.13141830335593,305,fly_ball
SINGLE,99.3,1,-23.832405076636253,53,ground_ball
OUT,94.5,58,47.35288410898409,202,fly_ball
DOUBLE,100.1,12,-46.14457910629728,174,line_drive
OUT,65.6,-2,32.88856185026611,30,ground_ball
OUT,97.9,35,-1.8969065440405466,364,fly_ball
OUT,95.6,29,-11.31476185528938,348,fly_ball
SINGLE,67.2,2,-22.31222488496386,47,ground_ball
SINGLE,108.2,13,-31.36248858514056,247,line_drive
OUT,74.4,7,-38.80417598877446,76,ground_ball
OUT,78.8,-22,-1.2328323816853701,7,ground_ball
OUT,79.1,7,5.8669882007274206,102,ground_ball
OUT,88.7,0,22.06282214990265,36,ground_ball
OUT,101.9,32,-10.657806170260033,369,fly_ball
OUT,82.8,-24,24.772312962876885,7,ground_ball
OUT,79.5,46,7.830367297945109,250,fly_ball
OUT,97.3,22,-22.855451231263284,327,line_drive
OUT,91.9,39,41.23664383622181,310,fly_ball
SINGLE,91.5,8,22.03758715953723,166,line_drive
OUT,88.1,20,9.206996495819546,304,line_drive
OUT,90.8,-19,-2.7349126721952137,10,ground_ball
OUT,93.7,-18,-8.22295300493511,11,ground_ball
DOUBLE,101.5,25,-7.684148284649864,402,fly_ball
SINGLE,78.8,18,9.784320810826625,198,line_drive
SINGLE,49.8,-12,43.44348197413061,10,ground_ball
OUT,74.6,-2,-21.8459994589483,27,ground_ball
OUT,91.8,18,-2.4073539208088923,288,line_drive
SINGLE,92.5,11,15.648971006991271,205,line_drive
OUT,100.9,44,-30.455656942216716,342,fly_ball
SINGLE,107.7,-2,30.410969152843503,37,ground_ball
OUT,97.2,73,-25.020585692266383,94,popup
OUT,98.2,24,8.091776474259957,318,line_drive
OUT,79.4,-42,-14.43996512100271,2,ground_ball
OUT,106.6,25,-14.111361921290609,403,fly_ball
OUT,85.3,36,23.827940051442916,283,fly_ball
OUT,106.3,16,19.168507287429513,313,line_drive
HR,105.4,27,32.81079742003405,385,fly_ball
OUT,88.2,29,-23.492790382966653,317,fly_ball
OUT,90.5,70,46.40224584757163,121,popup
OUT,69.0,-17,43.922177222609406,4,ground_ball
SINGLE,84.4,11,22.06325769507927,153,line_drive
OUT,84.3,1,45.76413816213702,37,ground_ball
DOUBLE,96.4,12,-46.51673473289272,180,line_drive
OUT,93.2,45,16.582512101265486,285,fly_ball
OUT,99.4,21,0.803178109484066,353,line_drive
HR,103.8,37,31.143995620125512,397,fly_ball
HR,108.9,28,24.74759759710332,403,fly_ball
OUT,96.1,-2,11.816147072839259,27,ground_ball
OUT,91.2,41,-29.8459319496874,314,fly_ball
OUT,42.9,-19,44.14295985804969,5,ground_ball
OUT,93.2,45,7.60547283982995,289,fly_ball
OUT,82.6,26,-5.575996040095575,285,line_drive
OUT,74.3,8,11.258081104000604,80,ground_ball
OUT,95.7,-14,-15.843426782979192,12,ground_ball
OUT,82.4,68,18.99796830901276,92,popup
OUT,89.6,47,-33.94376074334877,264,fly_ball
SINGLE,107.8,18,-36.37659449608475,281,line_drive
DOUBLE,96.6,11,46.12481862491438,178,line_drive
HR,103.5,26,26.634479533902862,366,fly_ball
OUT,99.9,-10,23.81878156606899,16,ground_ball
DOUBLE,102.0,14,-34.86849198243031,241,line_drive
OUT,93.0,-21,47.113177966761526,5,ground_ball
OUT,95.5,51,2.6896286752924294,273,fly_ball
OUT,117.3,13,-27.99369240881292,332,line_drive
OUT,99.6,56,-15.23097849578381,253,fly_ball
OUT,92.6,36,-1.1011272396491392,333,fly_ball
OUT,98.8,26,10.19261537322791,367,fly_ball
OUT,94.8,30,-31.8646616081666,324,fly_ball
HR,107.0,31,37.20507632662656,384,fly_ball
OUT,64.7,-33,26.441515836999773,3,ground_ball
OUT,101.4,36,7.813415848253327,354,fly_ball
OUT,88.1,29,-8.089472087676905,314,fly_ball
OUT,84.8,6,-18.245209913568992,88,ground_ball
OUT,95.2,43,-17.016357433183465,309,fly_ball
OUT,71.6,1,29.51224968162504,40,ground_ball
OUT,79.5,-34,-10.991743707835694,3,ground_ball
SINGLE,103.8,14,-7.154130055498293,266,line_drive
HR,97.2,28,24.116675733864678,364,fly_ball
OUT,110.0,-6,21.071324249341263,19,ground_ball
OUT,106.9,3,10.852363198420614,83,ground_ball
SINGLE,96.6,12,41.12950128797192,197,line_drive
OUT,72.7,-1,25.16307281410001,25,ground_ball
OUT,87.2,8,-20.82472364813871,127,ground_ball
OUT,91.2,67,72.71521773195464,146,popup
OUT,93.2,43,-34.1243502672657,298,fly_ball
HR,107.6,19,-30.108882786623692,390,line_drive
OUT,72.2,63,-29.62111872693084,146,popup
SINGLE,109.5,20,26.134798534463485,348,line_drive
OUT,76.6,33,-24.311395537554514,255,fly_ball
OUT,89.2,3,24.246150487628345,71,ground_ball
OUT,102.0,30,-12.292209496808248,379,fly_ball
OUT,86.6,49,21.28440521533043,227,fly_ball
OUT,97.3,3,44.38294987730629,73,ground_ball
DOUBLE,105.2,27,7.367801299813976,405,line_drive
OUT,87.4,57,17.10577030773591,178,popup
DOUBLE,97.6,7,46.89095663212598,119,ground_ball
OUT,95.3,-19,0.41509599012611803,5,ground_ball
OUT,93.5,-30,11.478167135734271,3,ground_ball
OUT,91.1,45,48.849769668726,287,fly_ball
OUT,81.4,75,88.8845361323977,65,popup
SINGLE,61.0,-62,-34.61760299723989,1,ground_ball
HR,106.6,23,39.447643884419584,343,line_drive
DOUBLE,99.7,-5,45.123426091476134,22,ground_ball
OUT,83.9,58,2.9040053221923054,173,popup
OUT,90.9,-23,-5.414756231950941,5,ground_ball
HR,100.5,28,22.171452432793473,373,fly_ball
OUT,93.3,71,79.5474661978609,102,popup
OUT,77.3,6,-16.181695246165773,78,ground_ball
OUT,74.2,-49,-27.44154299303099,3,ground_ball
OUT,84.1,26,35.68040402208656,296,line_drive
OUT,93.4,62,38.10195341433219,175,popup
OUT,68.8,18,13.751859985325156,159,line_drive
SINGLE,95.4,19,12.647533497673523,287,line_drive
SINGLE,108.2,0,-9.006070362436045,42,ground_ball
OUT,83.4,-31,26.64887134088595,4,ground_ball
OUT,57.4,72,-70.13382732706638,70,popup
OUT,70.1,12,17.77763280341359,127,ground_ball
SINGLE,91.7,8,-2.1790952154565977,134,ground_ball
OUT,62.0,2,12.196706755027645,44,ground_ball
OUT,94.7,-12,27.128427315341856,10,ground_ball
SINGLE,100.4,2,-2.9278224608250594,67,ground_ball
OUT,99.1,10,-23.225045764945822,156,line_drive
OUT,102.0,18,16.636298591890924,332,line_drive
OUT,64.4,-62,-23.393037137857306,2,ground_ball
OUT,84.0,45,13.97135419298542,238,fly_ball
OUT,71.1,5,13.04176687168798,58,ground_ball
OUT,108.1,19,-7.433223714461808,372,line_drive
OUT,49.2,-34,-21.604178666379692,4,ground_ball
SINGLE,92.3,17,-29.235871713555518,240,line_drive
OUT,100.7,17,20.536170509720566,279,line_drive
DOUBLE,86.3,23,-40.848333740323284,297,line_drive
OUT,87.5,37,-25.254631667072676,315,fly_ball
OUT,105.7,19,-30.350222991625632,318,line_drive
SINGLE,94.9,16,15.536020911420042,262,line_drive
OUT,83.3,-20,46.21055242592395,8,ground_ball
OUT,50.1,-17,17.797568422372816,8,ground_ball
OUT,77.7,64,-25.752234900501996,141,popup
SINGLE,71.2,34,34.188996494281334,216,fly_ball
OUT,103.9,-17,28.713766448941872,9,ground_ball
OUT,97.5,52,-12.234280491838804,243,fly_ball
OUT,100.3,35,28.710957121724906,326,fly_ball
OUT,119.5,-4,-18.945541600345177,28,ground_ball
OUT,102.2,22,-23.184343214259084,354,line_drive
OUT,95.5,-14,-12.761050196246345,10,ground_ball
HR,100.3,29,41.418039393902276,355,fly_ball
OUT,91.1,54,-26.89549663725042,203,fly_ball
OUT,95.0,32,-11.72050772559663,343,fly_ball
SINGLE,105.3,13,35.061443204331,221,line_drive
SINGLE,97.9,-2,-44.91557084097638,38,ground_ball
SINGLE,110.0,23,33.01868494402057,361,fly_ball
OUT,68.8,-32,0.6803250338744538,2,ground_ball
OUT,88.3,11,25.32488809514903,133,ground_ball
OUT,99.3,18,12.892111561966518,319,line_drive
OUT,83.1,72,29.59453983906274,80,popup
OUT,68.5,-28,-25.927098300585577,3,ground_ball
OUT,96.7,29,1.7692069993198127,351,fly_ball
OUT,93.9,44,-18.12419621447365,277,fly_ball
OUT,59.7,38,28.391805647755287,173,popup
OUT,62.8,-34,-44.6488972950679,3,ground_ball
OUT,58.7,46,-54.82735748003438,154,popup
OUT,94.6,17,6.945918789951012,296,line_drive
OUT,105.7,-12,18.95391814005082,8,ground_ball
OUT,68.4,-23,-44.99043635804023,5,ground_ball
OUT,87.0,57,-26.24047179659228,191,popup
SINGLE,105.6,9,20.874034852993304,190,line_drive
OUT,76.5,30,-26.883766389363107,261,fly_ball
OUT,95.2,29,-35.34974977984014,324,fly_ball
OUT,77.9,-49,36.34578895294099,2,ground_ball
OUT,101.1,-22,14.143084975963445,5,ground_ball
OUT,100.0,-9,32.583344182529686,11,ground_ball
DOUBLE,108.7,20,1.4927118137042616,396,line_drive
OUT,100.5,6,-2.4508087456390886,130,ground_ball
OUT,107.3,-29,-32.36290556223764,4,ground_ball
OUT,98.0,19,-36.95468601090326,309,line_drive
DOUBLE,106.6,9,-11.42511324522589,294,line_drive
HR,108.7,25,28.125023661090975,401,fly_ball
HR,107.9,28,21.717643786510273,392,fly_ball
SINGLE,86.2,12,-37.5858366454983,166,line_drive
OUT,82.2,30,17.07752896787178,280,fly_ball
OUT,77.4,32,39.361224046640174,246,fly_ball
HR,105.4,37,38.58832153216505,386,fly_ball
OUT,75.3,5,17.241459398940005,66,ground_ball
OUT,89.8,36,-19.82134225802392,307,fly_ball
OUT,46.6,-64,-75.74192663572086,1,ground_ball
OUT,104.6,5,-33.2609363520805,141,line_drive
HR,101.5,38,-44.2191280968599,355,fly_ball
OUT,99.2,-13,26.116710874855837,9,ground_ball
OUT,103.4,16,2.076428611602282,319,line_drive
OUT,38.1,-71,-22.479434397103148,1,ground_ball
OUT,97.9,79,42.12916520509328,24,popup
OUT,102.9,51,20.08909594499134,304,fly_ball
SINGLE,91.2,9,26.780643465125912,176,line_drive
OUT,109.5,48,10.407529149327514,315,fly_ball
OUT,79.6,71,42.43992802567714,96,popup
OUT,74.4,-9,-6.5666260986492775,10,ground_ball
HR,109.8,30,35.24594198965639,413,fly_ball
OUT,83.3,48,-49.87087415284992,234,fly_ball
SINGLE,91.4,3,17.32601442799644,59,ground_ball
OUT,93.8,28,27.121303404158656,327,fly_ball
OUT,94.6,-11,-11.736492990583795,11,ground_ball
SINGLE,108.4,8,23.119143498557317,142,ground_ball
OUT,72.5,30,-25.987559484241675,233,fly_ball
OUT,94.8,62,22.566542041195987,178,popup
OUT,101.4,22,25.11374902815341,334,line_drive
OUT,105.0,70,-16.21612960789688,101,popup
DOUBLE,103.8,26,-14.81599405574273,381,fly_ball
OUT,64.2,-20,-12.199338566237007,4,ground_ball
OUT,101.6,-6,27.629172150584207,20,ground_ball
OUT,97.5,50,-7.15808925537063,266,fly_ball
OUT,107.3,15,-3.958124424809429,360,line_drive
DOUBLE,113.9,19,22.814468586647084,377,line_drive
OUT,70.7,-22,-6.745698828215121,5,ground_ball
OUT,97.2,21,5.436028003210249,361,line_drive
OUT,67.3,-21,38.17508974735103,4,ground_ball
OUT,53.5,53,-6.13889044973263,131,popup
SINGLE,89.2,14,-1.9914849138352395,197,line_drive
SINGLE,106.5,6,-2.5703589531759135,107,ground_ball
OUT,64.8,60,-2.7257618313257637,133,popup
OUT,68.6,-37,11.495906761162917,2,ground_ball
OUT,103.7,45,41.97939545543825,335,fly_ball
OUT,98.6,4,-28.390909545867938,84,ground_ball
OUT,60.2,-61,4.852799563037946,2,ground_ball
DOUBLE,105.9,6,47.62477021682876,114,ground_ball
SINGLE,102.7,-9,11.168116207625507,13,ground_ball
SINGLE,106.6,8,35.5120235140407,145,line_drive
HR,116.6,35,-43.31346372724259,412,fly_ball
SINGLE,109.4,10,-10.83175015666017,198,line_drive
OUT,89.4,27,-5.334876619858538,315,fly_ball
OUT,80.7,33,41.79079603939652,265,fly_ball
TRIPLE,93.2,21,43.370956375319984,303,line_drive
OUT,73.0,-51,-28.33367061378745,1,ground_ball
SINGLE,90.6,10,-13.54624874729318,186,line_drive
OUT,83.4,65,-14.466806727994786,136,popup
OUT,46.8,14,41.04025305651411,78,ground_ball
OUT,76.7,51,43.16242419109888,201,popup
OUT,81.4,28,-30.216617324913454,270,line_drive
OUT,83.9,-5,27.919766428108602,20,ground_ball
OUT,88.4,45,43.28807151038892,276,fly_ball
OUT,79.4,78,-87.65545251054154,46,popup
OUT,104.0,43,20.832535170886665,351,fly_ball
OUT,98.0,-19,5.4878475248920475,7,ground_ball
SINGLE,99.7,-1,-31.62915420008078,29,ground_ball
OUT,61.3,74,-68.92812122876968,90,popup
OUT,102.4,-1,2.5503366678442068,47,ground_ball
OUT,80.6,-22,41.26500921175106,7,ground_ball
SINGLE,86.3,0,8.924292073035877,40,ground_ball
OUT,91.7,12,-22.224686682796207,172,line_drive
TRIPLE,77.0,9,-48.784813165683005,125,ground_ball
OUT,94.8,28,-28.130364530395084,355,fly_ball
OUT,106.0,36,-2.130739190441599,372,fly_ball
OUT,70.9,-24,29.7792004180329,4,ground_ball
OUT,93.5,-18,-13.26436818592903,6,ground_ball
OUT,95.0,9,-42.23604864303135,153,line_drive
OUT,75.2,-44,23.82346054501518,2,ground_ball
SINGLE,84.9,14,25.42253397167304,208,line_drive
SINGLE,68.0,29,9.608298400489339,219,line_drive
OUT,69.8,-60,-15.131369911651326,1,ground_ball
OUT,88.1,33,6.2747749652350455,304,fly_ball
SINGLE,93.1,2,34.38034472384486,73,ground_ball
OUT,91.9,24,25.131150474507066,309,line_drive
DOUBLE,94.8,27,-43.641414784639146,339,fly_ball
SINGLE,109.0,3,4.844637404371852,74,ground_ball
OUT,94.1,21,-20.924118904435225,308,line_drive
OUT,100.7,2,22.556928158504117,69,ground_ball
OUT,100.7,37,34.305767925381566,340,fly_ball
SINGLE,95.1,14,12.329163353680812,255,line_drive
SINGLE,83.3,18,-40.239862924091035,244,line_drive
OUT,93.6,-8,-41.003296524681076,16,ground_ball
OUT,89.9,-39,27.46056611030045,3,ground_ball
OUT,75.2,14,-8.7506603414589,153,line_drive
OUT,87.7,8,-28.48318820796597,127,line_drive
SINGLE,79.7,25,-6.159006556403534,265,line_drive
OUT,73.6,35,-41.30114135082704,228,fly_ball
OUT,103.4,39,-1.1497716471405217,348,fly_ball
OUT,68.6,46,-32.74387482213521,203,fly_ball
SINGLE,81.2,15,-14.888608282157076,184,line_drive
OUT,74.2,14,-22.262854079465413,153,line_drive
OUT,76.6,8,38.03847538706562,84,ground_ball
OUT,87.5,21,30.25264961382279,272,line_drive
OUT,90.7,30,14.268479973202695,330,fly_ball
SINGLE,82.3,18,20.21084825685199,206,line_drive
OUT,97.7,32,-6.372697559405029,368,fly_ball
OUT,87.8,75,72.56404237295027,84,popup
OUT,86.0,83,84.91800187780987,28,popup
OUT,76.2,-32,-16.10940574179115,4,ground_ball
HR,102.8,29,-4.495083970222922,401,fly_ball
OUT,100.2,19,-22.324289127488285,324,line_drive
SINGLE,101.9,11,-7.980721832148458,236,line_drive
OUT,101.9,33,23.7625996572112,364,fly_ball
HR,105.7,29,4.1469443378078115,416,fly_ball
OUT,82.7,37,25.482394713769796,266,fly_ball
OUT,83.7,39,-40.324100628912056,276,fly_ball
HR,104.1,31,-18.58005159458405,406,fly_ball
SINGLE,107.1,10,35.65775230616129,201,line_drive
OUT,55.0,51,5.6588288999951875,137,popup
SINGLE,87.7,-1,-32.249379920582726,33,ground_ball
OUT,104.7,-10,-25.002183016148717,11,ground_ball
OUT,96.1,-7,16.628184144528074,23,ground_ball
SINGLE,73.9,25,-33.929966886565154,226,fly_ball
OUT,67.9,-20,-37.49614775632372,3,ground_ball
OUT,95.8,66,-13.544768300120186,177,popup
SINGLE,104.8,14,31.626012620205298,227,line_drive
OUT,85.1,-22,29.758092221198094,9,ground_ball
OUT,89.3,33,-31.478142401879136,324,fly_ball
OUT,85.1,61,54.510797247868034,194,popup
OUT,93.3,42,-1.672824293326894,316,fly_ball
DOUBLE,91.7,14,-45.05967211294222,229,line_drive
SINGLE,112.0,20,-0.5330507141316833,403,line_drive
SINGLE,102.5,-3,14.083629063556904,28,ground_ball
OUT,93.2,52,26.027926934641933,252,fly_ball
SINGLE,40.8,43,0.34764420812830904,96,ground_ball
OUT,110.0,-1,36.44485271469577,41,ground_ball
OUT,93.2,37,32.33999282964616,311,fly_ball
OUT,96.2,22,3.4377073638488773,356,line_drive
SINGLE,99.2,1,-22.598984224640766,52,ground_ball
OUT,91.7,-24,10.160144747990294,6,ground_ball
HR,109.7,37,9.071702961214505,402,fly_ball
OUT,69.9,-9,13.886089355024414,14,ground_ball
OUT,76.3,14,-14.977464292975931,160,line_drive
OUT,89.2,-10,41.35899916087762,12,ground_ball
OUT,66.7,-8,23.17260750788416,10,ground_ball
OUT,87.6,-6,-4.140256710351499,22,ground_ball
SINGLE,94.4,13,39.012714750512274,180,line_drive
OUT,104.7,48,35.18819661329354,300,fly_ball
OUT,101.0,-4,23.458480307988722,28,ground_ball
OUT,79.5,26,27.87459422828741,263,line_drive
OUT,61.0,-56,54.618890178841404,2,ground_ball
OUT,96.0,-4,49.60265392886363,22,ground_ball
OUT,88.8,-25,10.935547345745386,4,ground_ball
OUT,94.7,26,7.2459367637656324,344,fly_ball
SINGLE,99.6,14,-30.9736430693353,252,line_drive
OUT,104.9,-13,8.647048164446376,5,ground_ball
SINGLE,78.5,17,29.421546692239435,200,line_drive
OUT,86.4,63,-37.66573019077734,161,popup
HR,117.5,19,-16.572810095068842,446,line_drive
OUT,95.7,7,-13.917146667311737,107,ground_ball
SINGLE,107.9,-4,2.4119088429408055,24,ground_ball
SINGLE,69.7,17,-38.123005721407374,151,line_drive
OUT,92.0,-8,10.57692532017079,20,ground_ball
SINGLE,75.5,40,-9.186605080610718,236,fly_ball
SINGLE,99.9,10,-5.327048826891131,221,line_drive
DOUBLE,102.7,8,-44.86410303106183,184,line_drive
OUT,93.2,64,9.188054820990855,165,popup
OUT,90.9,22,3.903088831706924,324,line_drive
OUT,85.3,-10,-17.01923466206129,11,ground_ball
SINGLE,108.7,11,5.936985981222944,293,line_drive
OUT,74.0,63,26.24071340988916,146,popup
OUT,91.5,36,-45.33431631039361,301,fly_ball
OUT,93.9,10,-42.281642886727454,150,line_drive
OUT,88.2,43,-20.069334253729266,262,fly_ball
OUT,95.8,-2,-10.988856403992422,27,ground_ball
OUT,99.1,2,19.043017992151196,89,ground_ball
OUT,81.1,38,-5.635768554736438,274,fly_ball
OUT,71.7,10,38.09906793006437,105,ground_ball
OUT,81.7,56,33.86098098170997,193,popup
OUT,91.8,25,-30.073575993779286,301,line_drive
DOUBLE,88.4,21,43.21008939175393,266,line_drive
SINGLE,47.3,-20,-41.32945136728386,4,ground_ball
OUT,96.0,25,-25.094729362290693,333,fly_ball
OUT,85.8,-14,-33.19467132287215,10,ground_ball
OUT,94.4,24,-28.73690022408386,321,line_drive
DOUBLE,114.3,10,21.230332453062587,219,line_drive
SINGLE,96.7,0,13.144207747697365,46,ground_ball
OUT,98.4,-13,21.890312279624645,8,ground_ball
OUT,102.9,43,2.3268806258569077,335,fly_ball
SINGLE,63.3,33,28.579649964948562,211,fly_ball
OUT,71.3,-13,41.502039740624355,11,ground_ball
OUT,106.0,-8,46.276863180300474,13,ground_ball
SINGLE,92.7,11,-0.4447189824085922,185,line_drive
OUT,44.0,-13,-12.835609486401456,12,ground_ball
SINGLE,93.5,15,14.150542776708635,229,line_drive
SINGLE,68.0,14,-22.994169851960216,145,ground_ball
SINGLE,40.3,-24,17.516385438088697,4,ground_ball
OUT,79.7,65,20.607964055741505,131,popup
OUT,65.7,-21,-16.832813295808375,6,ground_ball
DOUBLE,104.3,14,45.457460247552596,216,line_drive
OUT,90.2,35,-43.9361935658392,326,fly_ball
DOUBLE,107.8,12,13.85994594882567,316,line_drive
DOUBLE,93.1,-8,46.02479292438796,16,ground_ball
SINGLE,79.9,23,39.84730144141442,235,line_drive
OUT,109.0,-14,-24.85127658689233,6,ground_ball
SINGLE,95.4,3,3.1056266374603676,74,ground_ball
OUT,67.9,15,6.307986263947452,150,line_drive
OUT,97.5,-20,4.47834396335024,6,ground_ball
SINGLE,102.6,12,34.72377080120654,242,line_drive
HR,105.7,30,-21.598921739359906,404,fly_ball
SINGLE,111.8,4,-17.895307771416746,95,ground_ball
OUT,101.7,18,32.75756109783799,343,line_drive
OUT,98.7,-34,24.793632273854158,3,ground_ball
OUT,95.9,43,5.109341334203144,302,fly_ball
OUT,68.6,-25,28.592463065271428,2,ground_ball
OUT,77.7,58,5.998835984474037,168,popup
OUT,28.3,-47,-14.017646980584358,3,ground_ball
OUT,92.5,37,-5.122835425414775,327,fly_ball
SINGLE,71.3,24,-14.019682254002479,212,line_drive
SINGLE,66.8,31,-36.11291729397399,199,fly_ball
OUT,94.2,58,15.082801088729926,194,popup
OUT,93.8,43,25.87831958325425,297,fly_ball
SINGLE,82.1,11,-25.577677602668818,141,ground_ball
OUT,89.2,-3,44.97308794020689,21,ground_ball
OUT,93.7,-33,-35.04178261273698,3,ground_ball
OUT,95.7,29,-16.87813774101082,359,fly_ball
OUT,98.3,24,-1.5095534520374716,354,fly_ball
OUT,91.5,6,19.043017992151196,93,ground_ball
HR,103.7,25,8.85500165460771,407,fly_ball
OUT,69.4,84,38.452006620144246,42,popup
OUT,85.2,36,-28.983447542542894,284,fly_ball
DOUBLE,77.9,13,43.21282531857416,130,line_drive
OUT,95.0,51,47.32264823144301,231,fly_ball
OUT,115.7,0,-17.226529180888612,58,ground_ball
HR,113.3,35,13.959770450980235,414,fly_ball
SINGLE,105.1,-5,22.068336853545794,16,ground_ball
OUT,93.0,50,32.97121858063439,234,fly_ball
SINGLE,95.4,-11,21.174682223153017,8,ground_ball
OUT,95.6,46,3.446466328308845,282,fly_ball
OUT,87.3,46,43.79471312618578,237,fly_ball
OUT,81.1,6,-11.901101406408646,109,ground_ball
OUT,70.6,-36,18.403346079566923,2,ground_ball
SINGLE,94.5,15,-2.688179501055288,226,line_drive
SINGLE,112.9,18,33.991280550590204,362,line_drive
SINGLE,65.3,30,4.143389928719954,206,line_drive
OUT,63.3,-12,9.668884542455109,7,ground_ball
OUT,76.3,35,-7.923997657402342,260,fly_ball
OUT,72.8,-20,35.98295732846922,5,ground_ball
OUT,92.0,67,27.823835472134228,129,popup
OUT,79.3,54,-18.134186338678518,215,popup
OUT,94.8,-13,-17.58624118022984,9,ground_ball
OUT,86.7,24,0.6329202111842078,304,line_drive
OUT,89.9,56,12.107187819573527,205,fly_ball
DOUBLE,108.8,16,-12.248769672228427,271,line_drive
OUT,86.5,34,4.128789942861413,308,fly_ball
HR,104.8,23,-31.29914387436708,382,fly_ball
OUT,110.1,5,-37.672871835016785,97,ground_ball
OUT,94.8,57,6.796422905544543,204,fly_ball
OUT,86.4,68,-61.83941260314292,141,popup
HR,102.5,36,-26.16946709632929,376,fly_ball
OUT,81.0,43,0.7355687380876615,248,fly_ball
OUT,91.2,8,28.66728942268402,146,line_drive
SINGLE,107.2,7,-19.202732867963867,150,line_drive
OUT,98.3,31,15.750985880473017,369,fly_ball
OUT,86.7,-16,-12.380440550585798,6,ground_ball
TRIPLE,100.4,6,39.75262741805418,101,ground_ball
SINGLE,68.6,41,-23.47539670950792,208,popup
HR,107.2,27,-20.859747810818813,418,fly_ball
OUT,82.8,81,84.400362578649,66,popup
OUT,49.5,-47,43.75141637830455,3,ground_ball
OUT,101.7,-9,-21.32358610188234,13,ground_ball
SINGLE,95.1,10,18.153320517281013,208,line_drive
TRIPLE,100.1,6,48.70707701153157,120,ground_ball
SINGLE,104.9,3,-34.68963287086217,75,ground_ball
OUT,64.9,-28,-10.909402590465303,4,ground_ball
OUT,92.1,21,-20.002388887095815,310,line_drive
DOUBLE,93.0,1,-42.824346349168394,50,ground_ball
OUT,90.1,58,35.417406593930444,222,fly_ball
SINGLE,104.1,-7,-28.219266563249477,17,ground_ball
OUT,76.1,-18,39.50585061500494,8,ground_ball
OUT,85.2,36,3.800971898493102,284,fly_ball
OUT,90.7,44,4.005196573166232,280,fly_ball
OUT,103.8,43,39.42337777846333,339,fly_ball
DOUBLE,98.4,19,38.41895277686421,299,line_drive
OUT,60.5,66,55.837019140887,118,popup
SINGLE,70.9,22,13.551255319717855,210,line_drive
OUT,96.3,21,26.592306758711814,303,line_drive
OUT,90.1,28,-43.38402026915857,291,fly_ball
DOUBLE,99.9,0,41.393032398570725,67,ground_ball
OUT,80.9,-8,49.12583289001265,15,ground_ball
HR,113.6,24,6.1816509348846225,432,fly_ball
OUT,98.8,40,-32.60089926158774,344,fly_ball
SINGLE,104.7,15,30.20478057691264,228,line_drive
OUT,77.5,10,42.627926076164314,107,line_drive
OUT,104.2,-14,-22.725861683310367,8,ground_ball
DOUBLE,94.5,18,19.040371382213717,306,line_drive
SINGLE,101.9,-5,22.06708819899965,18,ground_ball
HR,105.8,33,-21.41693756088646,399,fly_ball
OUT,80.2,-21,20.100899471443025,7,ground_ball
SINGLE,104.6,8,26.678591107619653,133,ground_ball
OUT,92.2,-19,33.41319257678098,7,ground_ball
HR,109.0,30,-36.035633873361256,404,fly_ball
DOUBLE,105.6,27,-10.910876319201314,399,fly_ball
OUT,67.6,-3,16.643969456314448,17,ground_ball
SINGLE,90.8,7,40.285435225037716,106,ground_ball
OUT,95.5,32,11.427101593945135,348,fly_ball
OUT,101.3,4,22.565026580687356,81,ground_ball
OUT,93.1,40,4.778046810096929,305,fly_ball
DOUBLE,93.5,0,45.97115358770697,44,ground_ball
OUT,67.0,-7,-6.839422026302073,13,ground_ball
OUT,74.6,39,25.208873011383137,228,fly_ball
SINGLE,81.4,-2,16.070173115303145,33,ground_ball
HR,106.1,24,14.769006082505152,390,fly_ball
HR,109.9,18,37.43210969611804,356,line_drive
OUT,99.9,-4,28.02017718464273,33,ground_ball
OUT,85.0,-24,38.840305566245384,5,ground_ball
OUT,93.5,37,-12.537150134764232,317,fly_ball
OUT,91.2,45,-45.26882174567157,277,fly_ball
DOUBLE,91.0,18,-43.31599644214074,252,line_drive
OUT,55.8,-18,-41.04595810417945,7,ground_ball
OUT,88.3,-20,22.519064390322985,7,ground_ball
OUT,72.8,88,-56.341010676392735,51,popup
SINGLE,89.5,-4,6.868305890279791,18,ground_ball
OUT,94.3,-7,44.29530675503576,20,ground_ball
OUT,71.3,6,-41.505660041824896,83,ground_ball
OUT,91.6,-33,-4.397445774897405,4,ground_ball
OUT,87.2,46,-43.12691294238937,257,fly_ball
DOUBLE,99.9,8,49.06636885887955,144,line_drive
OUT,87.6,-16,32.676890871591176,6,ground_ball
OUT,91.7,21,-17.08211782685012,296,line_drive
OUT,94.3,0,-17.726069923464614,40,ground_ball
OUT,70.2,2,-13.76189512941152,38,ground_ball
OUT,89.0,22,-21.85222773861462,293,line_drive
OUT,87.0,-31,46.94808500651494,3,ground_ball
DOUBLE,93.4,20,-43.48829371298328,279,line_drive
OUT,63.3,-10,41.670307550538354,11,ground_ball
OUT,66.6,-2,-2.1245143874414554,24,ground_ball
OUT,96.0,-4,-10.265058397260475,25,ground_ball
OUT,76.9,-10,19.637021991382923,12,ground_ball
OUT,91.4,-27,-22.377905861044912,5,ground_ball
HR,108.0,30,38.395640441986544,395,fly_ball
OUT,95.1,34,0.23739483490331728,342,fly_ball
SINGLE,84.2,12,41.595961801587855,173,line_drive
OUT,77.3,1,-27.26899752539844,42,ground_ball
OUT,76.9,11,-28.759982300282157,96,ground_ball
OUT,92.3,-19,18.4498424486622,5,ground_ball
OUT,68.7,-33,40.57470110803594,2,ground_ball
OUT,85.3,-23,26.05173263461046,6,ground_ball
OUT,101.3,26,-23.35709130170716,351,fly_ball
OUT,95.7,18,-23.612526126600443,277,line_drive
SINGLE,95.5,4,24.03743915091587,108,ground_ball
DOUBLE,89.8,-26,37.241698012152284,6,ground_ball
OUT,96.6,-6,-38.97790094795444,20,ground_ball
OUT,86.3,-15,47.34358705970039,11,ground_ball
SINGLE,70.6,40,13.227000802488018,233,fly_ball
OUT,113.0,16,-12.187976575798023,345,line_drive
OUT,54.9,71,81.43582633261514,74,popup
OUT,100.1,-5,45.6325250352487,24,ground_ball
SINGLE,104.5,1,-4.838651424506674,58,ground_ball
SINGLE,89.0,10,-2.982092414114972,160,line_drive
OUT,73.8,-32,9.499847507356204,3,ground_ball
OUT,77.2,-6,27.088687769279627,10,ground_ball
OUT,63.8,36,7.3140931486013585,206,popup
OUT,107.2,-10,-4.932530750622734,8,ground_ball
OUT,80.0,70,39.34099902411005,106,popup
OUT,101.2,31,14.869861120765329,354,fly_ball
SINGLE,72.5,16,-4.924173416972574,143,line_drive
SINGLE,73.9,18,35.44828197751608,191,line_drive
DOUBLE,106.3,10,-48.23029680428197,168,line_drive
SINGLE,100.4,7,19.848522305285957,175,line_drive
OUT,96.4,31,37.30192801108089,318,fly_ball
SINGLE,103.2,11,34.70626320829457,184,line_drive
OUT,83.6,3,-17.606562538010177,57,ground_ball
SINGLE,103.2,0,6.22983217089381,37,ground_ball
OUT,50.7,-32,33.317385410973735,3,ground_ball
SINGLE,104.1,3,6.597848639616018,69,ground_ball
OUT,94.4,28,32.08775783817518,340,fly_ball
OUT,79.7,31,8.432136190028373,286,fly_ball
SINGLE,92.2,2,-25.260260881240384,51,ground_ball
SINGLE,91.0,9,-24.072720597120522,210,line_drive
OUT,75.9,-1,-18.354104196753266,39,ground_ball
HR,102.5,35,-37.14351437917262,377,fly_ball
OUT,94.8,36,38.3301990407263,288,fly_ball
OUT,96.8,-11,-22.440657408283993,7,ground_ball
OUT,97.3,24,-3.8340052791704853,357,line_drive
OUT,51.1,-74,-37.51741551358767,1,ground_ball
OUT,78.0,33,35.20051441903596,250,fly_ball
OUT,80.4,38,-40.74999116047268,274,fly_ball
DOUBLE,104.0,12,-39.7427474936142,218,line_drive
SINGLE,101.5,7,-35.2748477394233,116,ground_ball
OUT,97.6,23,17.186888742434533,355,line_drive
OUT,93.8,-1,-22.38297414712167,32,ground_ball
OUT,103.6,-11,30.26729041826068,10,ground_ball
SINGLE,97.2,0,11.581612372901967,47,ground_ball
SINGLE,110.4,-9,26.301562910188387,14,ground_ball
OUT,88.2,83,-69.32589898250534,61,popup
SINGLE,98.4,0,-27.326291652396698,48,ground_ball
DOUBLE,89.2,21,-11.617423302638963,304,line_drive
SINGLE,96.0,3,-28.678899454420357,73,ground_ball
OUT,93.7,24,26.92588170086008,314,line_drive
SINGLE,89.1,3,-27.744488844203598,65,ground_ball
OUT,75.7,-1,-14.307357120410288,27,ground_ball
OUT,56.4,-42,-8.968571137870825,1,ground_ball
OUT,91.1,31,22.109570597438257,337,fly_ball
HR,106.0,28,19.961673690116335,397,fly_ball
OUT,88.4,-6,-1.8792159148141054,17,ground_ball
OUT,106.5,-6,-10.00738884914893,19,ground_ball
OUT,84.0,44,24.026316186559352,249,fly_ball
HR,117.8,22,23.476870897196598,422,fly_ball
OUT,89.8,54,-36.90745587316863,208,fly_ball
OUT,82.3,-22,1.1550438836834604,7,ground_ball
OUT,91.1,-10,47.21530260722448,12,ground_ball
SINGLE,102.6,-6,-29.79696835487779,16,ground_ball
HR,108.9,39,43.73247279506164,378,fly_ball
OUT,96.3,36,35.77813430314293,321,fly_ball
OUT,84.8,22,20.727041494202105,269,line_drive
OUT,97.2,-8,-35.89311835758443,12,ground_ball
HR,115.9,37,45.985798045256075,397,fly_ball
SINGLE,100.3,14,7.290221941921095,266,line_drive
OUT,86.6,28,-41.52336709254933,308,fly_ball
OUT,91.5,48,3.075604513448224,252,fly_ball
OUT,56.8,-30,-18.542287237851607,5,ground_ball
OUT,92.4,58,-47.26363700106007,226,fly_ball
SINGLE,92.5,13,-15.311187187456525,227,line_drive
OUT,71.4,-8,-31.098781685517615,12,ground_ball
SINGLE,84.8,18,20.228218400933113,234,line_drive
HR,102.4,31,-22.14990287208151,378,fly_ball
SINGLE,94.7,19,35.76525235200134,252,line_drive
OUT,64.5,16,35.428283256141825,134,line_drive
OUT,87.4,81,14.978110276432272,15,popup
OUT,103.6,32,10.667741512121859,386,fly_ball
OUT,100.9,23,-33.9383292518394,350,fly_ball
SINGLE,98.9,9,-0.44945079393173676,155,line_drive
OUT,103.0,7,-23.098732419209632,137,ground_ball
OUT,96.2,47,36.287448024854235,266,fly_ball
OUT,74.6,-1,-28.76389433150813,34,ground_ball
OUT,99.3,15,32.46058105448706,269,line_drive
OUT,81.7,50,-15.741366624031263,223,fly_ball
OUT,64.5,63,-1.6144780693939684,116,popup
OUT,79.4,61,34.59554411719306,170,popup
OUT,95.7,37,-34.08927977896197,348,fly_ball
OUT,96.7,6,-32.46928516507901,158,line_drive
SINGLE,74.8,40,45.3268033206259,232,fly_ball
OUT,76.5,-11,12.634533292749484,11,ground_ball
OUT,50.7,27,-28.531971110019576,133,line_drive
SINGLE,102.8,19,32.89224237504286,245,line_drive
OUT,79.7,37,-41.57828743102102,257,fly_ball
SINGLE,73.5,12,-20.366633654241713,134,ground_ball
OUT,72.9,-22,21.033055099609957,8,ground_ball
OUT,97.2,25,11.062156491513186,377,fly_ball
SINGLE,85.0,-9,-23.939024408966798,11,ground_ball
OUT,65.3,-5,3.9338125026083977,20,ground_ball
OUT,50.6,-65,-29.31000707091619,1,ground_ball
SINGLE,87.4,-48,-39.31469556742569,3,ground_ball
OUT,100.1,36,-12.783074776226004,369,fly_ball
OUT,99.8,-7,45.5708629704647,15,ground_ball
OUT,95.6,-18,-33.26023443172903,5,ground_ball
OUT,89.2,-19,27.762547123811284,3,ground_ball
HR,99.1,23,33.33438513843691,365,line_drive
OUT,98.6,21,-20.22864734616531,317,line_drive
SINGLE,90.1,19,36.97331748909218,255,line_drive
OUT,107.3,5,25.590422311210354,106,ground_ball
OUT,86.9,51,-5.763011086904338,245,fly_ball
SINGLE,96.6,7,-20.984746226456018,161,line_drive
OUT,67.2,-36,-30.420068976744417,3,ground_ball
OUT,90.8,-29,-15.366437757760869,4,ground_ball
OUT,106.5,19,29.674337549096226,298,line_drive
HR,111.3,37,9.065972881736943,414,fly_ball
OUT,103.5,48,-27.201623124785907,328,fly_ball
SINGLE,81.6,19,31.643773276993787,228,line_drive
OUT,97.3,-13,21.200216655641015,14,ground_ball
OUT,89.3,5,-31.056196384570235,110,ground_ball
OUT,104.5,2,-36.852948739516,70,ground_ball
OUT,84.8,58,-37.332491882300765,195,fly_ball
DOUBLE,83.6,11,39.4223791018073,135,line_drive
DOUBLE,99.5,24,-25.756870758305723,365,fly_ball
OUT,80.9,-25,45.95484125387219,3,ground_ball
OUT,81.5,10,-34.186459041276365,139,line_drive
OUT,97.6,59,-15.314135333603021,192,popup
OUT,82.0,77,39.75000258514618,40,popup
OUT,92.5,40,-1.6127863374571643,321,fly_ball
OUT,97.8,-32,43.527791198938914,3,ground_ball
OUT,96.7,46,17.61142755047094,301,fly_ball
SINGLE,92.3,16,18.849780571440956,222,line_drive
SINGLE,88.1,2,-19.55552125180104,63,ground_ball
OUT,80.4,11,27.668836416184043,128,ground_ball
SINGLE,105.2,15,8.614822259369994,312,line_drive
OUT,69.4,-37,11.642183640491252,2,ground_ball
OUT,96.0,76,-80.01619767181049,68,popup
OUT,74.1,-29,29.15269794481321,1,ground_ball
SINGLE,66.3,-41,-26.565051177077972,2,ground_ball
SINGLE,103.0,14,35.16684818464578,272,line_drive
OUT,86.0,77,-81.79692686047741,89,popup
OUT,105.8,6,-25.090618392249834,119,ground_ball
OUT,91.7,28,11.369318625549528,330,fly_ball
OUT,59.0,65,-63.143021100983354,111,popup
SINGLE,92.9,16,-12.519095325549475,272,line_drive
OUT,88.5,27,-10.512041281109475,322,fly_ball
OUT,86.1,73,50.289527804753966,85,popup
DOUBLE,93.3,9,-47.80789716201902,164,line_drive
SINGLE,105.1,9,12.638663138151784,166,line_drive
SINGLE,77.6,6,-5.44139194516106,73,ground_ball
OUT,74.2,74,20.140138230431802,78,popup
OUT,103.9,40,-13.602345887937615,358,fly_ball
SINGLE,95.3,15,39.39182066825331,243,line_drive
OUT,95.8,47,53.24366784564362,268,fly_ball
OUT,103.3,66,16.75341950104938,126,popup
SINGLE,107.7,-3,31.783822446125775,31,ground_ball
DOUBLE,108.2,10,-44.053951525434194,179,line_drive
OUT,88.7,31,34.71107234155245,316,fly_ball
OUT,78.7,71,-15.098710162851965,98,popup
OUT,96.9,3,46.852387302794675,88,ground_ball
OUT,91.6,39,26.011476337375502,318,fly_ball
OUT,64.6,-28,31.921661222666636,5,ground_ball
SINGLE,85.5,2,-25.01576842106729,72,ground_ball
SINGLE,85.6,0,38.52776751407141,45,ground_ball
SINGLE,91.8,3,-28.08599814809517,75,ground_ball
OUT,82.5,37,40.158397785195916,256,fly_ball
HR,114.3,22,-17.9988634513311,439,fly_ball
OUT,99.8,18,15.423594437747468,300,line_drive
OUT,90.1,21,-5.102249092029002,304,line_drive
OUT,84.1,-35,20.285585145067756,3,ground_ball
OUT,86.9,33,13.09998152368171,316,fly_ball
OUT,102.8,21,-15.550486980226525,383,line_drive
OUT,93.6,47,27.86192380609091,285,fly_ball
OUT,91.7,-3,-22.98425880431723,21,ground_ball
HR,102.9,32,-42.021765118863904,378,fly_ball
OUT,93.5,42,-22.461263454488925,294,fly_ball
OUT,100.1,30,20.027420375993895,357,fly_ball
OUT,96.2,10,23.599719653018557,141,ground_ball
OUT,90.7,1,41.69499486520534,49,ground_ball
OUT,101.9,31,17.71952077834514,353,fly_ball
OUT,99.7,42,-12.355002083744049,334,fly_ball
OUT,101.4,45,0.9802937178522112,314,fly_ball
OUT,104.1,16,7.758294182847666,364,line_drive
OUT,87.8,32,-24.396905262997787,293,fly_ball
HR,109.7,31,12.209100504542917,401,fly_ball
OUT,81.3,48,-24.6386519279208,233,fly_ball
OUT,87.8,-37,-33.681376471133575,2,ground_ball
SINGLE,107.6,10,14.547890957059431,200,line_drive
SINGLE,105.4,9,5.70469944284033,219,line_drive
OUT,89.2,-23,-32.85981072763734,6,ground_ball
OUT,100.6,51,15.353511171264666,281,fly_ball
SINGLE,76.7,17,-10.125806764746923,229,line_drive
OUT,97.8,40,-23.82840482530539,342,fly_ball
OUT,83.6,-17,30.01214830074386,4,ground_ball
SINGLE,110.5,9,-5.823571349501093,232,line_drive
SINGLE,107.5,12,3.3329733249849496,235,line_drive
OUT,92.3,50,17.28706738445157,258,fly_ball
SINGLE,104.9,0,-29.276640174874892,52,ground_ball
OUT,81.3,49,-30.631369951883958,216,fly_ball
SINGLE,72.6,17,1.8187121710611336,189,line_drive
OUT,86.9,-2,-46.03735719083948,35,ground_ball
OUT,80.2,44,20.145988166966625,260,fly_ball
SINGLE,94.8,8,1.7250498967846895,158,line_drive
SINGLE,106.8,-3,2.314500944003332,30,ground_ball
OUT,84.8,49,23.35519709615545,245,fly_ball
SINGLE,96.1,0,16.78184716894129,50,ground_ball
OUT,109.6,18,-27.326016144164438,347,line_drive
OUT,97.2,9,19.68324588280381,142,ground_ball
OUT,90.0,-37,6.273888178781343,3,ground_ball
OUT,91.1,27,12.105470350849348,335,fly_ball
OUT,90.8,63,53.479601137711576,200,fly_ball
OUT,80.6,3,-40.47870902560339,58,ground_ball
OUT,79.7,70,62.76849686110175,132,popup
DOUBLE,89.1,16,-47.45085263777102,208,line_drive
OUT,82.7,21,-27.738990458070166,270,line_drive
OUT,88.3,-5,-34.11138193289497,23,ground_ball
SINGLE,92.6,-6,34.745632024918265,22,ground_ball
OUT,95.3,68,29.262480044714913,134,popup
OUT,99.7,0,11.13872413936649,54,ground_ball
OUT,106.7,15,28.89745344612235,296,line_drive
OUT,107.1,1,-19.61716790173436,62,ground_ball
SINGLE,105.1,7,-26.066839564464342,193,line_drive
OUT,73.5,68,47.27359742391872,120,popup
OUT,81.8,52,40.88237265474999,230,fly_ball
HR,105.1,29,34.03312725041929,381,fly_ball
OUT,93.6,52,17.70482952494227,252,fly_ball
OUT,73.0,13,-29.662429110613697,147,line_drive
OUT,82.7,64,0.5470530524289514,153,popup
OUT,82.5,21,38.695979827260054,253,line_drive
OUT,82.3,28,29.009446117167602,285,line_drive
OUT,90.6,9,0.203666778725683,123,ground_ball
OUT,103.5,21,-8.945852888100726,360,line_drive
SINGLE,94.8,-1,31.83886370312729,43,ground_ball
OUT,59.6,4,-15.467343731235648,49,ground_ball
OUT,77.0,39,11.376627825914632,254,fly_ball
OUT,94.8,46,5.6617264042747975,298,fly_ball
SINGLE,101.7,16,-32.144600020701596,268,line_drive
OUT,69.0,70,69.0968292593561,104,popup
SINGLE,109.6,14,6.1541475510667505,254,line_drive
OUT,105.1,20,-9.87397561556876,344,line_drive
SINGLE,80.3,2,-0.11719434735374151,58,ground_ball
HR,102.3,28,12.140579435005458,391,fly_ball
OUT,93.9,63,-21.695842344895592,162,popup
DOUBLE,104.8,14,-40.02573666185581,234,line_drive
OUT,75.0,61,31.928065363066874,164,popup
SINGLE,110.0,12,-28.03385189146381,229,line_drive
OUT,102.2,46,13.70133725488181,330,fly_ball
OUT,107.6,-7,-28.771502969421334,14,ground_ball
OUT,105.2,14,28.530111226202628,296,line_drive
HR,103.6,35,40.60826074424292,395,fly_ball
OUT,95.0,65,-18.26485452159541,166,popup
OUT,60.7,38,-4.984995841291614,183,popup
OUT,88.6,-7,-36.50244578437514,18,ground_ball
DOUBLE,74.0,3,-44.97902278119855,46,ground_ball
OUT,99.1,13,-4.623730388521422,300,line_drive
OUT,85.7,-26,47.176252116544546,4,ground_ball
SINGLE,88.7,19,3.7663733099092056,263,line_drive
OUT,91.9,24,-2.1799507541156666,330,line_drive
SINGLE,86.7,16,5.089816510942469,246,line_drive
OUT,62.3,22,1.548400886796087,166,line_drive
OUT,87.0,39,-31.946122693579508,282,fly_ball
OUT,77.9,-24,42.37008066898431,4,ground_ball
OUT,89.7,31,-20.2326259433219,319,fly_ball
OUT,101.2,25,12.758714150799213,376,fly_ball
OUT,95.6,-8,-23.663358829092903,11,ground_ball
OUT,71.3,10,12.506037405526417,100,ground_ball
OUT,103.1,26,-1.5922454285803227,393,fly_ball
OUT,99.9,-16,-14.135888201401368,6,ground_ball
OUT,90.8,47,-49.31113925382338,275,fly_ball
OUT,88.7,42,45.562553775559095,278,fly_ball
OUT,96.3,-21,-19.102234169609783,5,ground_ball
OUT,99.6,58,34.63196217154909,240,fly_ball
OUT,101.7,19,7.987085379438613,343,line_drive
OUT,95.7,34,36.52187117841922,320,fly_ball
SINGLE,81.3,18,-12.414620430088279,261,line_drive
SINGLE,100.1,13,18.34143105751284,234,line_drive
OUT,74.3,-68,-8.259437979878824,1,ground_ball
SINGLE,83.0,14,-31.908645001661203,187,line_drive
OUT,101.6,0,-35.014887692493794,43,ground_ball
SINGLE,116.5,18,15.174378579186387,381,line_drive
SINGLE,90.0,11,24.119300065650016,187,line_drive
SINGLE,100.4,8,38.59331753354891,191,line_drive
OUT,99.1,28,28.22757057785656,349,fly_ball
OUT,87.7,54,-47.621666234305465,231,fly_ball
SINGLE,90.8,17,17.091786530852904,271,line_drive
OUT,84.0,85,17.016802023521198,45,popup
OUT,97.8,32,12.091430697433468,358,fly_ball
OUT,80.0,13,29.41580457076076,170,line_drive
SINGLE,102.4,-15,39.62653239086992,9,ground_ball
OUT,100.8,-5,21.724977613501494,23,ground_ball
OUT,75.2,-12,21.214882870793815,11,ground_ball
SINGLE,87.9,18,3.620129643552171,250,line_drive
OUT,99.4,51,2.076217006569249,280,fly_ball
OUT,90.6,-31,36.31725655148797,4,ground_ball
OUT,98.1,6,-12.782915651307095,156,line_drive
OUT,63.6,-24,34.158194391074055,4,ground_ball
OUT,91.0,-23,51.5816131917168,5,ground_ball
OUT,87.0,-31,42.13389932783102,3,ground_ball
OUT,100.8,-10,-15.976683946758287,7,ground_ball
SINGLE,94.8,-5,-1.2135896579698497,21,ground_ball
DOUBLE,105.9,14,12.214177957330163,264,line_drive
OUT,73.3,51,-34.09166688024937,197,fly_ball
OUT,93.6,11,-18.685404479334164,189,line_drive
OUT,90.4,-39,-16.835974481381115,2,ground_ball
SINGLE,54.3,20,26.74159603993574,120,ground_ball
SINGLE,92.0,-20,38.53331984462743,4,ground_ball
SINGLE,95.7,15,22.17659734809814,241,line_drive
DOUBLE,107.0,24,-6.123086315918856,403,fly_ball
SINGLE,84.9,22,34.162556968934055,250,line_drive
OUT,98.7,17,13.683523690839214,316,line_drive
OUT,46.4,3,51.736644430937616,39,ground_ball
SINGLE,106.0,14,13.474777449107544,244,line_drive
DOUBLE,82.6,21,-45.83736101178088,224,line_drive
OUT,92.6,11,17.965189033660106,177,line_drive
OUT,102.3,62,-38.05243694627336,174,popup
OUT,54.1,-69,83.0345815099454,1,ground_ball
HR,107.7,35,-19.253729153233333,396,fly_ball
SINGLE,42.0,-32,23.10731809357508,4,ground_ball
SINGLE,98.0,8,-19.85454115670285,182,line_drive
SINGLE,99.6,-6,-40.275021980915014,17,ground_ball
OUT,80.8,-25,21.89571397606368,6,ground_ball
SINGLE,101.7,23,19.939212492399783,370,line_drive
OUT,81.9,50,-46.58715848502085,213,fly_ball
OUT,63.2,50,-0.10858805371484506,190,fly_ball
OUT,78.5,43,11.718640481373257,243,fly_ball
OUT,73.6,8,-23.909702090921694,80,ground_ball
DOUBLE,99.6,25,-12.876564586693267,394,line_drive
OUT,66.5,69,38.87844850810001,80,popup
OUT,87.0,27,-43.64106726292909,288,line_drive
SINGLE,101.1,17,-38.137396748465285,260,line_drive
OUT,89.8,42,20.788149786159604,260,fly_ball
OUT,95.7,9,-23.448273814814954,128,ground_ball
OUT,102.1,-38,-10.085058721458404,3,ground_ball
OUT,68.7,-9,25.893424680601047,8,ground_ball
OUT,90.4,54,31.81556790587775,214,fly_ball
DOUBLE,88.9,24,-43.57797370916314,302,line_drive
OUT,78.4,-10,-13.188483801670388,16,ground_ball
OUT,81.6,49,42.25944341227661,230,fly_ball
SINGLE,94.1,3,2.37388420245648,61,ground_ball
OUT,105.5,-11,-34.649331442133445,13,ground_ball
OUT,88.4,28,30.396180402623518,326,fly_ball
OUT,79.7,1,-43.11120196398495,43,ground_ball
OUT,81.8,-41,27.116117351804704,3,ground_ball
OUT,73.9,-16,47.23155807798395,6,ground_ball
OUT,87.8,68,-16.46806668403477,120,popup
OUT,101.2,9,14.505384976245082,196,line_drive
OUT,87.3,-7,-39.47197892890995,18,ground_ball
SINGLE,106.5,4,-36.63606134433466,96,ground_ball
OUT,104.3,52,49.185595423711824,285,fly_ball
HR,108.8,25,-30.902996282473204,420,fly_ball
OUT,87.8,12,15.862984609382842,146,line_drive
OUT,68.6,-13,-16.96986820605358,7,ground_ball
OUT,85.0,50,-37.03063609037946,245,fly_ball
OUT,89.7,24,-26.74905232271897,322,line_drive
OUT,88.4,-5,36.837150966510166,28,ground_ball
OUT,93.3,-17,47.98870052939595,6,ground_ball
OUT,88.0,32,8.475905836999454,328,fly_ball
OUT,63.5,12,43.32559695411193,101,ground_ball
OUT,78.8,53,47.116983329067466,199,popup
OUT,60.6,24,6.915642808547214,161,line_drive
OUT,93.0,38,-44.047544630961845,322,fly_ball
OUT,89.1,46,35.389055424037565,286,fly_ball
OUT,103.0,39,32.12163327936143,355,fly_ball
OUT,61.2,-41,39.88839191304967,2,ground_ball
OUT,83.0,-17,37.25107646223929,6,ground_ball
OUT,94.4,69,-28.568213003086296,142,popup
OUT,92.5,1,-6.324311052293678,54,ground_ball
OUT,101.8,-10,-35.532124260973724,9,ground_ball
SINGLE,93.7,18,15.004810231925962,261,line_drive
SINGLE,101.7,0,-25.857158790571738,49,ground_ball
OUT,101.0,33,-11.017949222013637,369,fly_ball
OUT,105.3,3,30.775361717358127,69,ground_ball
HR,109.2,36,-30.343388207824837,428,fly_ball
OUT,82.1,8,-33.50642783586001,111,ground_ball
OUT,101.8,-14,30.94420299399121,7,ground_ball
OUT,71.3,-22,18.625252717388772,3,ground_ball
OUT,100.9,31,25.28840884650207,366,fly_ball
OUT,74.3,76,79.7277913969792,69,popup
SINGLE,101.1,7,36.6032378002932,122,ground_ball
OUT,92.3,1,-18.607734123962494,53,ground_ball
OUT,92.2,9,27.08625529162367,140,ground_ball
OUT,75.4,-44,41.352427743286704,3,ground_ball
OUT,90.4,22,-5.4159360436320485,338,line_drive
OUT,99.6,39,40.27044178482053,343,fly_ball
OUT,69.7,17,-7.848741976111633,167,line_drive
OUT,77.7,12,-41.3628617951903,127,line_drive
OUT,101.0,-23,-14.697136193146578,6,ground_ball
OUT,94.3,17,-32.806274976561724,274,line_drive
OUT,96.7,-19,23.770041591025745,10,ground_ball
OUT,107.7,-9,12.85662961849828,16,ground_ball
OUT,99.7,26,35.348457130032116,368,fly_ball
SINGLE,100.9,-2,-28.43064253825311,29,ground_ball
OUT,91.3,24,-24.619512115316752,309,line_drive
OUT,95.8,-29,-19.169616247556533,5,ground_ball
OUT,92.5,23,7.2901334120128665,335,line_drive
OUT,61.0,-48,-5.542269616806322,2,ground_ball
OUT,93.7,61,28.060295555200067,166,popup
DOUBLE,100.7,20,-16.94156310609747,366,line_drive
SINGLE,92.3,14,41.577772712155564,241,line_drive
OUT,93.6,-17,45.17109551087912,7,ground_ball
SINGLE,92.8,12,24.87481516729481,229,line_drive
SINGLE,116.9,-3,13.792274268546203,33,ground_ball
OUT,85.4,5,30.301353761907198,90,ground_ball
DOUBLE,115.5,16,-16.039512597792175,358,line_drive
SINGLE,98.9,13,-33.882042480532625,231,line_drive
OUT,104.1,39,31.38632528565393,348,fly_ball
OUT,84.5,60,14.818755239227336,190,popup
OUT,92.7,29,-4.522867543984042,350,fly_ball
SINGLE,108.5,9,23.301813474009563,211,line_drive
SINGLE,86.7,10,42.58243419896984,167,line_drive
OUT,101.2,-8,21.873693403334634,13,ground_ball
SINGLE,105.7,1,-21.66171007345785,61,ground_ball
OUT,80.8,8,31.389835022965777,126,ground_ball
OUT,103.0,61,-9.601124017853065,197,popup
OUT,104.5,2,30.119708152083177,64,ground_ball
OUT,114.7,14,-26.605424865962338,347,line_drive
OUT,76.6,47,-2.7875289885321215,227,popup
OUT,98.6,-1,25.13756992705603,48,ground_ball
OUT,92.1,-16,-38.35011648439907,9,ground_ball
OUT,103.9,-19,5.421323727974548,7,ground_ball
SINGLE,109.9,10,15.071744984488392,219,line_drive
OUT,82.2,70,61.12172293205611,105,popup
OUT,93.4,20,11.021665802559651,306,line_drive
OUT,103.0,-17,28.032745517672982,8,ground_ball
OUT,93.9,29,-5.512243673114065,341,fly_ball
OUT,88.1,23,-8.835274837156472,299,line_drive
OUT,60.2,-43,53.22571474686123,2,ground_ball
OUT,103.1,17,28.18573616914604,338,line_drive
DOUBLE,110.5,-6,44.51160177495466,16,ground_ball
OUT,91.1,28,23.60259100527236,317,fly_ball
OUT,87.6,18,-30.528307117551414,251,line_drive
OUT,67.2,-10,-23.25746310372029,16,ground_ball
SINGLE,105.9,-7,34.03652666370899,17,ground_ball
DOUBLE,109.2,11,-3.7843095829198443,170,line_drive
OUT,74.2,-50,32.34785518690661,1,ground_ball
OUT,96.1,-27,33.035287123712074,5,ground_ball
DOUBLE,89.8,24,-46.46370166974164,283,line_drive
OUT,91.6,54,-39.005030736187194,264,fly_ball
SINGLE,83.8,13,38.896727995069,191,line_drive
SINGLE,100.0,12,2.9258133414217453,272,line_drive
OUT,77.9,28,-23.177080566696326,280,line_drive
OUT,79.9,-42,37.488113327393265,2,ground_ball
SINGLE,89.7,9,-27.538563227542923,116,ground_ball
OUT,92.9,32,40.115436606934864,333,fly_ball
SINGLE,103.3,11,12.471722232851612,222,line_drive
OUT,83.2,6,41.84161157295869,82,ground_ball
DOUBLE,97.1,24,38.71750791183862,343,fly_ball
OUT,89.3,52,37.64618825994391,226,fly_ball
OUT,71.6,73,86.29074456972928,76,popup
OUT,64.3,48,-27.355736137743044,191,fly_ball
OUT,92.6,61,-19.672924924429466,159,popup
HR,100.8,29,-28.287900871186743,382,fly_ball
SINGLE,96.3,7,2.270550092326071,127,ground_ball
OUT,97.3,25,-8.231074971035367,355,fly_ball
OUT,83.2,-30,-17.051340926531502,4,ground_ball
OUT,69.4,-3,-22.433276611092968,26,ground_ball
SINGLE,71.0,29,-15.615656867270445,224,fly_ball
SINGLE,72.2,23,-17.651411036822648,226,line_drive
OUT,76.9,6,-5.708954054667022,97,line_drive
OUT,91.7,55,33.836807198346875,225,fly_ball
OUT,98.0,39,-1.6996340759317043,320,fly_ball
OUT,100.3,36,15.565830296632452,341,fly_ball
HR,101.4,31,-43.22053132613867,354,fly_ball
OUT,81.7,-10,31.294917621349374,10,ground_ball
HR,109.9,22,-36.37875460476864,418,fly_ball
OUT,69.2,-38,45.29816235211651,3,ground_ball
OUT,75.8,34,-36.86989764584402,247,fly_ball
OUT,75.4,4,23.470530235423627,55,ground_ball
SINGLE,94.4,9,8.523795956421324,117,ground_ball
OUT,103.4,17,21.85121093644581,329,line_drive
OUT,103.3,-7,37.996796469057564,14,ground_ball
OUT,47.3,63,78.43026560320013,91,popup
OUT,107.6,-7,-10.923018459846478,17,ground_ball
OUT,99.9,-12,25.38347498560355,10,ground_ball
SINGLE,109.2,12,-6.514770235406103,238,line_drive
SINGLE,108.7,-5,35.562294531131585,21,ground_ball
OUT,100.6,-11,38.71935178112215,13,ground_ball
OUT,60.8,10,-10.495296934689339,73,ground_ball
OUT,100.1,43,-8.715778494027175,326,fly_ball
SINGLE,73.7,21,28.512305197490207,198,line_drive
OUT,68.1,45,-10.898539030665498,191,fly_ball
OUT,86.9,49,-41.9863116541908,237,fly_ball
OUT,78.1,62,23.530512901175697,141,popup
DOUBLE,73.7,35,13.156017776618281,250,fly_ball
OUT,59.3,0,-32.83906936242709,25,ground_ball
SINGLE,104.4,-1,33.05986366867796,43,ground_ball
OUT,85.2,43,-21.39846278197864,256,fly_ball
SINGLE,100.4,12,13.870203896024307,184,line_drive
SINGLE,90.5,15,-18.08168521502179,222,line_drive
OUT,86.0,-36,-7.985085022533553,4,ground_ball
OUT,71.6,75,71.54510139393118,71,popup
OUT,92.8,53,-29.489410430050036,258,fly_ball
OUT,85.6,61,72.4946577244822,168,popup
OUT,94.7,18,0.1933837648043463,318,line_drive
OUT,98.3,-17,32.032775435932784,6,ground_ball
OUT,37.6,-51,63.108122559164336,2,ground_ball
OUT,94.7,36,-1.3791412991916883,326,fly_ball
SINGLE,87.6,3,1.4445922343619426,72,ground_ball
OUT,67.1,20,21.17130011162112,162,line_drive
SINGLE,90.4,-6,-24.57977472755057,12,ground_ball
OUT,79.8,-33,47.91300093389643,3,ground_ball
OUT,96.6,69,43.17379671209134,103,popup
HR,112.9,35,-28.980988456338345,417,fly_ball
OUT,74.7,-40,43.41073732476459,3,ground_ball
OUT,51.5,-75,-8.205524574101458,1,ground_ball
OUT,75.7,44,39.25465111008276,220,fly_ball
OUT,99.4,-6,-41.61889011264554,20,ground_ball
OUT,83.0,-37,34.33474781935162,3,ground_ball
OUT,100.5,35,-6.202767028975566,362,fly_ball
OUT,99.1,-18,-38.88847102907522,9,ground_ball
OUT,79.4,-18,29.090177238354997,3,ground_ball
OUT,84.2,25,-1.643722813433111,293,line_drive
SINGLE,97.2,3,-1.2254969711068449,99,ground_ball
OUT,78.7,41,-22.820660433329227,254,fly_ball
OUT,93.2,39,-9.769670578636784,317,fly_ball
TRIPLE,103.0,17,20.905663490236524,304,line_drive
DOUBLE,94.2,24,-46.48071903927138,327,line_drive
SINGLE,67.7,-6,-19.61716790173436,15,ground_ball
OUT,104.7,-7,3.7221979245682557,15,ground_ball
OUT,106.9,16,8.316374817873923,331,line_drive
OUT,99.2,39,-4.604149052984681,366,fly_ball
OUT,97.0,32,5.878128683627729,368,fly_ball
SINGLE,108.6,4,-4.238469184824831,125,ground_ball
OUT,95.5,27,21.145600954273867,354,fly_ball
OUT,92.3,29,13.653124252704751,343,fly_ball
DOUBLE,114.1,18,-9.523392207004386,405,line_drive
OUT,90.2,31,-38.116659309122824,340,fly_ball
OUT,98.5,-14,42.0097119943497,9,ground_ball
OUT,100.5,32,33.691198088530456,353,fly_ball
OUT,85.2,53,-5.485704962942796,235,fly_ball
OUT,94.0,-17,-27.58911027247929,8,ground_ball
OUT,75.5,-28,39.333149897512094,3,ground_ball
DOUBLE,95.9,29,-44.77979768899689,351,fly_ball
OUT,84.0,-8,25.89325535809017,13,ground_ball
OUT,108.2,-16,-19.57698356053949,10,ground_ball
OUT,98.5,6,36.22841568674119,109,ground_ball
OUT,101.3,29,28.175185350448153,366,fly_ball
OUT,81.6,-7,45.99575086490303,12,ground_ball
OUT,114.4,9,-22.92325162721089,194,line_drive
OUT,107.7,33,-1.7312826921930147,408,fly_ball
OUT,76.6,-7,-14.620442781542842,13,ground_ball
OUT,87.4,-11,-48.225290924537255,7,ground_ball
OUT,85.8,-14,48.99540109305598,11,ground_ball
OUT,90.2,28,18.310528216078954,320,fly_ball
OUT,98.1,41,-35.441569924925574,331,fly_ball
OUT,91.7,19,4.7598920896377725,317,line_drive
OUT,102.0,41,21.351889632297794,344,fly_ball
OUT,73.1,-14,-32.465061449342485,9,ground_ball
OUT,78.8,74,-22.659671788761436,90,popup
OUT,102.0,10,-42.76636955684566,164,line_drive
SINGLE,96.8,11,17.289319161989145,207,line_drive
OUT,87.3,-6,-20.061444538047787,18,ground_ball
DOUBLE,93.6,20,-45.58673572789849,271,line_drive
SINGLE,85.7,16,42.149814521630134,189,line_drive
OUT,102.2,-10,-36.83738838091644,12,ground_ball
OUT,93.3,55,-14.722181455529004,245,fly_ball
OUT,86.7,22,-25.397083789652307,259,line_drive
OUT,94.8,45,-35.117110112827234,310,fly_ball
OUT,92.0,35,-18.350574440963474,326,fly_ball
OUT,98.0,33,-3.7407837797781935,356,fly_ball
SINGLE,75.0,16,-21.071346410645955,179,line_drive
SINGLE,82.9,13,38.81941839454428,179,line_drive
OUT,86.2,73,47.427766029982614,93,popup
OUT,92.0,32,-18.744587088066964,338,fly_ball
OUT,88.0,-24,42.92147525652556,6,ground_ball
OUT,92.7,22,-21.377456823870524,338,line_drive
OUT,57.2,34,-33.33129604825242,160,popup
OUT,86.2,4,11.560808971166445,76,ground_ball
OUT,94.0,10,29.967470504214365,143,line_drive
OUT,91.3,24,-14.351818128569825,312,line_drive
OUT,91.9,-19,22.688972575444563,6,ground_ball
DOUBLE,97.3,10,-48.86634404239606,141,line_drive
OUT,85.1,-50,40.036968772358236,2,ground_ball
SINGLE,95.0,-14,-4.138930825548038,10,ground_ball
OUT,81.6,37,-32.09086515796235,285,fly_ball
OUT,92.9,33,-28.13630004690222,310,fly_ball
OUT,77.6,23,31.39966933135966,258,fly_ball
OUT,93.6,33,-14.92009227397533,356,fly_ball
OUT,72.0,45,-27.496724286589913,227,fly_ball
SINGLE,104.8,-2,-6.940914173814279,34,ground_ball
SINGLE,105.3,9,10.757632026751509,207,line_drive
OUT,77.1,39,1.0165204703123225,261,fly_ball
SINGLE,105.1,-6,9.032698080680591,14,ground_ball
OUT,64.2,15,1.1017061152063656,135,ground_ball
OUT,101.3,26,-6.443118185216262,376,fly_ball
SINGLE,101.7,6,20.053008974763983,140,ground_ball
OUT,85.9,48,-36.48971441827554,260,fly_ball
OUT,81.9,-2,27.89537756066841,25,ground_ball
OUT,91.0,42,-30.185225920709087,278,fly_ball
OUT,94.2,61,5.292280337628198,200,popup
OUT,91.4,53,-36.385285154265354,261,fly_ball
SINGLE,73.3,-46,-32.71755707248577,2,ground_ball
OUT,89.2,85,-41.915924943568676,38,popup
SINGLE,97.4,12,-13.726628654864436,216,line_drive
OUT,99.3,26,22.835847684181605,346,fly_ball
OUT,91.5,-31,28.449946295895774,3,ground_ball
SINGLE,94.1,-1,34.320013097869676,34,ground_ball
OUT,86.3,-21,-26.873753898491692,5,ground_ball
SINGLE,82.4,0,-9.823155347319842,41,ground_ball
OUT,94.0,-17,-34.274658014503494,8,ground_ball
OUT,91.5,65,-15.052362744662444,135,popup
TRIPLE,106.3,23,-2.8106134071810374,400,fly_ball
OUT,80.2,50,-19.572108414455176,239,fly_ball
SINGLE,105.4,-5,-3.0296161334008276,19,ground_ball
HR,108.3,22,33.23703214258266,369,fly_ball
OUT,73.4,8,-10.459256145852386,93,ground_ball
OUT,71.5,6,29.36577004330583,72,ground_ball
OUT,103.8,27,-6.6710159478717,391,fly_ball
OUT,80.1,53,14.940655452729068,214,popup
OUT,75.3,71,42.23021725456207,89,popup
SINGLE,96.3,-21,16.083783806258634,6,ground_ball
OUT,99.8,28,15.113970940760812,362,fly_ball
OUT,74.9,30,29.089059333026203,254,fly_ball
SINGLE,95.5,2,35.24410887501155,63,ground_ball
OUT,94.5,-22,36.97194043689505,4,ground_ball
OUT,74.1,-1,-42.96729540228023,27,ground_ball
OUT,104.3,32,13.822676476717021,403,fly_ball
OUT,99.4,-15,21.889735893104,7,ground_ball
OUT,95.3,48,-33.57420833056637,298,fly_ball
SINGLE,91.4,-19,-45.45760937250682,7,ground_ball
OUT,101.7,23,8.340035066548209,374,fly_ball
OUT,85.0,54,-35.92578695362147,220,fly_ball
DOUBLE,111.8,16,11.58764845133404,386,line_drive
OUT,93.6,26,-31.56069827465029,327,fly_ball
OUT,98.8,16,-22.440429267896203,297,line_drive
OUT,98.4,-13,28.120210682145135,10,ground_ball
HR,108.7,24,-2.744145817143684,432,fly_ball
DOUBLE,91.1,19,47.33442778751544,225,line_drive
OUT,74.8,50,-19.13448499037773,202,popup
SINGLE,101.0,-1,6.438776191139328,36,ground_ball
OUT,87.9,-40,-17.327035865976374,3,ground_ball
OUT,76.4,-18,12.471228481961761,4,ground_ball
SINGLE,82.3,10,18.38507984203135,147,line_drive
SINGLE,91.4,5,35.40085120107454,89,ground_ball
SINGLE,97.6,13,-6.143181496138476,251,line_drive
OUT,68.8,-39,41.60236291168069,3,ground_ball
OUT,92.2,76,-79.34813799339045,64,popup
OUT,99.8,3,41.08802070677288,83,ground_ball
OUT,105.0,17,-23.548672746474175,291,line_drive
OUT,79.9,45,-9.860582887508711,261,fly_ball
SINGLE,99.6,10,-34.912292057738725,164,line_drive
HR,102.5,27,-10.739618854903275,403,fly_ball
OUT,89.0,-15,23.689774915523202,10,ground_ball
OUT,100.8,42,-6.504619815154447,334,fly_ball
OUT,99.5,35,4.892860054813209,364,fly_ball
OUT,104.3,18,-17.863288955685963,295,line_drive
OUT,82.6,28,-2.395314816732312,300,line_drive
OUT,86.6,-29,-9.309940174986044,6,ground_ball
SINGLE,101.9,12,-36.976384837207185,181,line_drive
OUT,88.2,-15,-16.009753432790685,9,ground_ball
OUT,91.1,41,22.44445036436126,288,fly_ball
DOUBLE,97.5,-12,-45.237626141696104,12,ground_ball
OUT,110.7,-7,32.008788536127255,19,ground_ball
SINGLE,93.6,-19,13.848589084416398,5,ground_ball
OUT,93.9,1,-40.76610790261246,50,ground_ball
OUT,92.5,54,2.7635600352272127,235,fly_ball
HR,109.5,22,15.610583575727974,398,fly_ball
OUT,87.3,-17,-7.571617604454029,6,ground_ball
SINGLE,84.8,11,6.3961337116454775,149,ground_ball
OUT,76.6,-33,50.05733301655614,4,ground_ball
DOUBLE,98.1,22,38.34272088852248,318,line_drive
OUT,49.1,-66,70.1885228584526,1,ground_ball
DOUBLE,98.5,0,-45.681720697336715,36,ground_ball
OUT,102.1,18,-1.6597400965756364,343,line_drive
OUT,79.4,31,0.972788156980424,290,fly_ball
OUT,86.4,32,19.92552241774488,290,fly_ball
OUT,91.0,27,-7.330514789003896,345,fly_ball
OUT,85.3,59,38.183724100018225,199,fly_ball
OUT,84.9,-49,-17.24883361036207,3,ground_ball
DOUBLE,107.1,23,-38.0508811306741,340,fly_ball
OUT,81.5,-2,-24.224512724498112,22,ground_ball
OUT,95.7,-15,-11.959285915122441,11,ground_ball
OUT,95.0,-9,45.667752743415456,14,ground_ball
OUT,97.8,22,30.802459170075608,346,line_drive
OUT,99.9,-26,44.325769653483974,4,ground_ball
SINGLE,68.5,-39,-35.823515738745854,3,ground_ball
SINGLE,107.5,12,-23.823684653303612,244,line_drive
OUT,101.2,-10,-41.74428374626899,19,ground_ball
OUT,86.0,75,81.84252269354904,119,popup
SINGLE,73.0,-34,-20.95510598480257,2,ground_ball
DOUBLE,108.3,17,-14.57019901241993,375,line_drive
OUT,86.5,40,20.27174438156137,271,fly_ball
OUT,98.0,-11,-17.327035865976374,11,ground_ball
OUT,85.7,63,-19.509033325048588,140,popup
OUT,68.4,76,37.06961856452316,57,popup
SINGLE,105.5,-5,7.718832652753683,16,ground_ball
OUT,97.9,35,3.868548548348556,366,fly_ball
OUT,88.6,56,-6.054292948971582,217,fly_ball
OUT,104.6,20,-3.3938068098445098,387,line_drive
OUT,92.4,43,12.697810993155507,310,fly_ball
OUT,65.6,-46,47.028406053649626,2,ground_ball
OUT,91.3,10,22.640117962224483,129,ground_ball
OUT,94.1,23,5.247180891989095,346,line_drive
OUT,79.7,-1,-17.504988416448626,33,ground_ball
OUT,68.9,11,-24.27639725603147,123,ground_ball
SINGLE,70.4,21,-27.036666180149425,203,line_drive
OUT,68.5,42,-23.296998489802622,207,popup
OUT,80.5,1,-20.037970628327045,44,ground_ball
OUT,95.2,22,-32.71216689967213,281,line_drive
OUT,97.4,7,-17.5553630812604,139,ground_ball
OUT,103.5,31,-13.06120491873066,385,fly_ball
OUT,81.7,3,24.108687542453584,63,ground_ball
OUT,54.0,38,-19.33835941222301,153,line_drive
SINGLE,94.4,11,-26.396666056621104,192,line_drive
OUT,98.4,39,29.425122356893134,326,fly_ball
OUT,88.7,5,50.24752335835187,77,ground_ball
OUT,71.8,40,-21.519737547641437,232,fly_ball
OUT,80.6,8,8.732369170509356,130,ground_ball
OUT,106.1,3,-17.327035865976374,92,ground_ball
OUT,92.7,61,-49.94074246107664,204,fly_ball
OUT,86.7,-33,-30.30778300679744,3,ground_ball
HR,106.0,34,-0.700914899550039,403,fly_ball
OUT,99.8,16,-36.111675125210795,262,line_drive
SINGLE,92.9,15,13.610363081453803,266,line_drive
SINGLE,77.1,21,-13.673651045120259,224,line_drive
SINGLE,91.6,-10,4.591078726016569,12,ground_ball
OUT,95.0,56,8.245739268204348,215,fly_ball
SINGLE,96.9,-26,-36.9836384707812,4,ground_ball
HR,102.8,30,-26.01578402688789,396,fly_ball
OUT,85.3,71,-17.045542286866425,105,popup
OUT,100.9,34,16.3741837702765,364,fly_ball
SINGLE,98.2,-18,-14.411325256684131,9,ground_ball
DOUBLE,94.1,-1,46.187726788197935,42,ground_ball
OUT,70.7,-31,-4.869085382727189,5,ground_ball
OUT,75.0,2,45.67235406416859,45,ground_ball
SINGLE,114.3,-8,-1.4668285426603314,14,ground_ball
OUT,97.9,-13,18.930958099934003,8,ground_ball
OUT,93.2,-3,20.235536326413094,20,ground_ball
OUT,99.4,66,25.6323281517878,156,popup
OUT,63.3,-42,-30.41534557776274,4,ground_ball
OUT,95.2,24,-21.04219994463104,329,fly_ball
OUT,71.8,-10,50.05715025118694,10,ground_ball
OUT,101.2,60,35.143807990046874,222,fly_ball
HR,95.9,37,-41.589365853672575,342,fly_ball
OUT,81.6,64,8.014161278503998,160,popup
OUT,101.2,18,8.309609702386753,334,line_drive
OUT,88.2,30,1.7036326769528156,312,fly_ball
DOUBLE,106.1,5,43.866999975099965,106,ground_ball
OUT,48.0,-28,14.85585997556906,3,ground_ball
OUT,83.5,25,-5.093589208213723,298,line_drive
SINGLE,110.7,16,-24.54089545401316,264,line_drive
SINGLE,111.1,15,30.696157296285072,269,line_drive
OUT,51.3,-49,63.481080680516214,3,ground_ball
SINGLE,91.9,-26,-34.56987264812931,7,ground_ball
SINGLE,92.7,10,5.675835658909536,192,line_drive
SINGLE,99.4,1,-42.82286177794052,57,line_drive
OUT,79.4,73,-39.41973484099765,78,popup
OUT,97.1,-15,-19.95495564306803,8,ground_ball
OUT,103.9,-4,-33.640371676154416,34,ground_ball
OUT,72.8,-4,-30.065183326220662,23,ground_ball
SINGLE,89.8,17,-6.529626057522524,234,line_drive
OUT,81.4,42,-41.62065165270233,250,fly_ball
OUT,55.5,8,25.327654755550117,61,ground_ball
SINGLE,107.4,11,-24.468652108147403,238,line_drive
OUT,74.8,-22,34.52122560233277,6,ground_ball
HR,108.9,36,47.86377138961371,399,fly_ball
OUT,52.0,12,3.6126572936212797,84,line_drive
OUT,80.6,42,5.648307420434191,263,fly_ball
SINGLE,107.2,18,21.844978204137686,363,line_drive
OUT,90.2,28,35.46694573557927,297,fly_ball
OUT,74.6,81,-72.91446019401496,40,popup
OUT,92.2,39,-33.04677978212516,309,fly_ball
OUT,87.8,22,-0.7436313848185608,304,line_drive
SINGLE,107.9,20,-43.01736882315082,344,line_drive
OUT,62.4,-10,1.1885386092087946,13,ground_ball
SINGLE,101.4,16,-30.836410736038648,250,line_drive
OUT,105.5,41,5.174871467673324,343,fly_ball
OUT,97.4,29,37.40990990822599,347,fly_ball
SINGLE,107.0,3,-29.721408378003417,88,ground_ball
HR,108.1,33,36.65172281292996,385,fly_ball
OUT,78.4,-26,-40.89073248355641,5,ground_ball
OUT,93.5,-16,-49.14405912272266,8,ground_ball
OUT,96.6,30,36.31946808921982,333,fly_ball
OUT,100.9,33,13.160605850826549,385,fly_ball
OUT,106.3,5,-21.66455839629097,120,ground_ball
OUT,106.6,3,-27.641820719212024,58,ground_ball
OUT,106.8,30,4.831187791690113,388,fly_ball
OUT,75.4,1,-15.998974817734354,46,ground_ball
SINGLE,77.5,19,41.1072677143474,199,line_drive
OUT,83.3,-4,-35.02210522421566,25,ground_ball
OUT,105.1,5,-16.091127514039893,105,ground_ball
HR,106.8,39,34.354297242908714,375,fly_ball
OUT,82.4,68,61.58358818218412,133,popup
SINGLE,106.5,11,-3.809116360940214,213,line_drive
OUT,100.0,-35,43.906891404079815,3,ground_ball
OUT,109.6,1,-22.519794285374573,55,ground_ball
SINGLE,86.6,-8,-37.594372678706605,17,ground_ball
OUT,91.3,46,37.613552235618585,273,fly_ball
OUT,100.1,34,-28.307918220496493,350,fly_ball
OUT,102.3,20,29.675147587775633,334,line_drive
SINGLE,95.6,17,-15.621243480208058,282,line_drive
SINGLE,106.0,-3,-4.979322258768588,33,ground_ball
SINGLE,96.1,2,5.695512802442858,73,ground_ball
OUT,99.4,19,28.847609144619184,329,line_drive
OUT,86.8,24,-11.523857645437797,302,line_drive
OUT,96.5,41,29.130320233692387,298,fly_ball
OUT,99.0,42,31.966961581129524,314,fly_ball
OUT,88.5,-13,-41.16080297843931,10,ground_ball
OUT,95.1,-34,0.010921803053590369,3,ground_ball
OUT,91.8,11,-36.51381860847895,165,line_drive
OUT,100.9,18,-22.605370608704693,319,line_drive
OUT,72.1,-15,15.705018552500528,7,ground_ball
SINGLE,93.5,11,27.955516093763528,199,line_drive
SINGLE,105.7,4,-31.496135621619793,86,ground_ball
SINGLE,105.1,10,16.135928045963734,268,line_drive
SINGLE,77.2,20,-29.669426253616923,249,line_drive
HR,103.6,31,-33.75268583931456,402,fly_ball
OUT,49.9,-14,-37.921280143221416,9,ground_ball
SINGLE,96.4,7,-24.061970705617014,132,ground_ball
SINGLE,98.3,6,-23.284206762703857,128,ground_ball
OUT,98.1,36,37.32867757493355,321,fly_ball
OUT,97.5,16,31.308272116006982,296,line_drive
OUT,94.0,-27,-36.72860131202555,4,ground_ball
SINGLE,96.8,4,11.875483016872892,87,line_drive
SINGLE,101.1,11,-8.154234512153257,272,line_drive
OUT,97.0,26,-2.091877673442291,360,fly_ball
SINGLE,105.9,2,-27.9626874070817,76,ground_ball
SINGLE,96.8,15,29.86543424429606,261,line_drive
OUT,50.3,-30,52.19219247671561,4,ground_ball
OUT,68.9,70,-34.71165381455622,105,popup
OUT,40.7,17,17.69355744791414,72,ground_ball
OUT,90.6,54,8.39253686121845,241,fly_ball
OUT,96.9,61,36.992545458004116,190,popup
SINGLE,72.1,7,45.89395928912767,98,ground_ball
HR,110.8,35,31.921937814960458,423,fly_ball
SINGLE,89.1,19,12.443258875968551,263,line_drive
SINGLE,101.0,6,-23.92941314994943,100,ground_ball
OUT,66.8,63,47.0440725803908,131,popup
OUT,103.4,34,-14.557066734063932,378,fly_ball
OUT,89.2,19,-13.833427396411851,293,line_drive
OUT,92.4,16,-17.07712424291206,266,line_drive
DOUBLE,108.6,13,-9.70197150081021,307,line_drive
OUT,89.8,83,-10.700749906186694,10,popup
OUT,89.4,1,-27.716765103020208,62,ground_ball
OUT,98.0,19,-27.777443705873917,286,line_drive
OUT,60.2,-23,39.44979780259696,6,ground_ball
OUT,99.5,39,33.12683862662731,335,fly_ball
OUT,89.0,79,-80.67087821882748,67,popup
OUT,91.9,-25,-17.434069710682255,4,ground_ball
SINGLE,89.4,-5,-27.41176732627602,25,ground_ball
DOUBLE,92.7,-20,-45.093960430374615,8,ground_ball
OUT,93.7,-16,-22.589269127071915,6,ground_ball
OUT,99.7,35,-44.54861116477221,316,fly_ball
OUT,93.5,63,-37.78232663474674,176,popup
OUT,101.0,0,14.754072609421613,46,ground_ball
DOUBLE,102.3,14,5.718637446043756,303,line_drive
SINGLE,90.3,20,43.461285073176384,261,line_drive
OUT,80.3,6,-33.36435387349678,83,ground_ball
OUT,66.2,-20,44.078266838905854,6,ground_ball
OUT,98.8,38,21.09255238495865,356,fly_ball
DOUBLE,76.0,-8,-47.10071228701311,14,ground_ball
OUT,62.5,-14,18.46980733383897,10,ground_ball
OUT,85.4,48,49.67346816417908,253,fly_ball
SINGLE,100.5,15,-26.757787595650445,210,line_drive
OUT,91.8,54,-19.940649292476085,236,fly_ball
OUT,91.8,59,-13.296935938815245,192,fly_ball
OUT,78.5,41,29.272292183499683,250,fly_ball
OUT,84.5,27,-26.708335103486707,276,fly_ball
SINGLE,49.3,-40,-51.22380875172809,3,ground_ball
OUT,96.2,39,20.284615132964703,325,fly_ball
OUT,102.4,-7,-37.28824513341408,14,ground_ball
OUT,95.5,38,-24.80741122036858,324,fly_ball
OUT,84.9,39,-10.77637390402383,280,fly_ball
HR,108.9,32,15.612083359917415,422,fly_ball
OUT,71.1,19,7.020069988309359,184,line_drive
OUT,89.3,23,10.822354726906493,315,line_drive
OUT,108.4,16,-30.459030727464235,354,line_drive
SINGLE,76.2,19,1.6941135391561193,227,line_drive
HR,105.4,27,15.757032494185957,401,fly_ball
SINGLE,83.8,17,-4.820536008285567,229,line_drive
HR,102.4,34,-11.897953543577986,387,fly_ball
OUT,74.2,76,68.15629644920118,66,popup
OUT,82.0,-23,-34.408082149120254,5,ground_ball
OUT,69.6,78,67.08717160322834,70,popup
SINGLE,76.8,-53,-36.3185819551249,2,ground_ball
HR,101.0,36,-27.119228025404528,387,fly_ball
HR,103.8,30,-29.321939891440323,383,fly_ball
SINGLE,79.2,18,0.5493050069496317,222,line_drive
OUT,88.0,39,10.501354913673826,316,fly_ball
OUT,105.0,-29,-34.649331442133445,3,ground_ball
OUT,99.3,34,0.7983580584693323,377,fly_ball
OUT,71.8,5,-44.68681363258841,60,ground_ball
OUT,95.4,60,-1.332034426434349,184,popup
OUT,76.7,-51,-8.50272956786697,2,ground_ball
OUT,107.4,2,-20.728592130748527,71,ground_ball
OUT,94.6,3,-14.457608843865057,58,ground_ball
OUT,101.2,27,4.921662286195205,393,fly_ball
OUT,87.8,65,28.380239646314024,154,popup
OUT,46.9,-77,-11.623556598692788,1,ground_ball
OUT,54.1,-20,18.117454130067443,7,ground_ball
SINGLE,101.3,12,-25.00573313341714,217,line_drive
SINGLE,52.3,-73,-31.996925642344763,1,ground_ball
OUT,86.2,46,29.67292787888721,264,fly_ball
OUT,74.4,-18,42.762342725496325,6,ground_ball
SINGLE,69.6,34,5.174798102365538,229,fly_ball
OUT,94.3,53,11.226417752111912,244,fly_ball
OUT,71.8,49,-36.06522628475346,197,popup
OUT,74.1,-6,-28.508072107389793,11,ground_ball
OUT,71.7,65,4.004172940709382,121,popup
OUT,93.2,7,2.3201070214690263,110,ground_ball
OUT,74.8,5,16.2189062078606,64,ground_ball
OUT,111.4,17,21.64388297561593,342,line_drive
OUT,100.3,-4,40.12893686508747,15,ground_ball
OUT,95.4,18,-28.00953568388307,298,line_drive
OUT,90.0,-3,21.376332564049534,20,ground_ball
OUT,90.2,-3,40.683568826699435,22,ground_ball
OUT,78.8,29,8.634884364210423,265,line_drive
OUT,52.1,-42,29.352761969034436,1,ground_ball
DOUBLE,111.7,5,-39.82958698487125,108,ground_ball
OUT,93.0,0,-24.944910276220696,49,ground_ball
OUT,94.6,41,-18.499543811916805,316,fly_ball
SINGLE,105.6,5,45.174482230366735,93,ground_ball
SINGLE,76.7,12,0.6646067146414895,139,ground_ball
OUT,67.8,48,-41.42692202913635,196,popup
HR,105.4,25,3.998005254926601,414,fly_ball
OUT,92.1,2,25.6023829168139,50,ground_ball
OUT,59.0,-20,18.652689552081853,7,ground_ball
SINGLE,100.9,-3,12.752173140090115,37,ground_ball
OUT,95.4,36,-42.689199172051296,352,fly_ball
OUT,111.3,3,-34.25688797157058,91,ground_ball
HR,100.6,30,-39.56800950155542,387,fly_ball
OUT,87.8,27,17.59271617887935,341,fly_ball
SINGLE,110.6,13,-39.88988817734584,260,line_drive
OUT,88.2,60,-25.432231418710522,204,popup
OUT,69.9,33,25.53648684133409,230,fly_ball
OUT,98.2,21,-36.91166164901065,321,line_drive
HR,105.3,38,-17.244057814849945,392,fly_ball
SINGLE,105.7,3,8.030012207629923,91,ground_ball
OUT,79.7,69,74.8154794065112,126,popup
OUT,77.5,-58,-10.764274880604486,2,ground_ball
TRIPLE,80.8,13,48.48426967263221,159,line_drive
SINGLE,86.7,17,44.956162380770564,215,line_drive
OUT,76.2,27,27.921837151816415,247,line_drive
OUT,100.9,-5,-34.443086208991176,24,ground_ball
SINGLE,67.5,-8,-22.903294830658353,14,ground_ball
OUT,87.7,73,-37.03934093272286,93,popup
OUT,97.5,43,-2.1209219946198776,323,fly_ball
HR,107.9,20,24.152188589853566,390,line_drive
HR,106.6,29,-20.08804477421541,425,fly_ball
HR,111.8,28,5.587172591207486,431,fly_ball
SINGLE,102.4,3,-31.23259106134502,76,ground_ball
OUT,80.9,-7,39.54890178427494,20,ground_ball
OUT,88.4,29,-12.996887794755501,331,fly_ball
OUT,80.8,13,-16.927513064147043,164,line_drive
SINGLE,107.4,4,-19.466861002743475,95,ground_ball
OUT,106.2,18,4.221100046060465,354,line_drive
SINGLE,106.7,13,-26.959411180154135,233,line_drive
OUT,64.0,-18,11.646932997157235,7,ground_ball
HR,100.5,30,27.64419256401804,370,fly_ball
OUT,77.0,-10,-36.10745129175188,7,ground_ball
OUT,88.5,37,14.978519722882183,318,fly_ball
OUT,87.9,7,36.86176250753251,102,line_drive
OUT,105.4,-20,42.78873195670467,6,ground_ball
OUT,63.6,36,-21.734990407885647,204,popup
SINGLE,104.2,6,36.01536019902424,106,ground_ball
OUT,61.6,-20,-21.96952283356889,4,ground_ball
OUT,94.3,-13,-36.62259799782396,11,ground_ball
OUT,70.3,54,26.73526125958214,180,popup
OUT,90.0,33,36.73981292838652,335,fly_ball
SINGLE,73.1,29,-11.603467688211364,249,fly_ball
SINGLE,72.5,-43,-29.922437643054483,2,ground_ball
HR,99.0,30,35.572605435667285,354,fly_ball
SINGLE,81.3,21,-12.618941687182577,223,line_drive
OUT,60.8,-33,1.197051043888751,3,ground_ball
OUT,75.5,65,-57.28690200241839,150,popup
OUT,79.2,-5,47.35305658689623,23,ground_ball
OUT,113.9,14,1.8901251926786138,340,line_drive
OUT,73.2,17,5.874738108239645,180,line_drive
SINGLE,73.2,-44,-36.44056120281576,1,ground_ball
OUT,77.4,11,39.85877570092785,137,line_drive
SINGLE,76.5,6,29.14702048913366,82,ground_ball
OUT,108.1,0,22.28819763215146,57,ground_ball
OUT,101.5,48,15.195457673097126,324,fly_ball
OUT,104.8,19,-2.6728388551932456,370,line_drive
DOUBLE,90.2,13,48.922777287881836,211,line_drive
OUT,71.1,-5,41.64275120571833,18,ground_ball
OUT,102.0,-17,-34.71165381455622,6,ground_ball
OUT,88.0,-9,15.868943054115835,10,ground_ball
OUT,93.7,-26,-40.456310917536555,5,ground_ball
SINGLE,102.2,10,-37.68539608139933,197,line_drive
SINGLE,106.7,10,36.32660322713582,176,line_drive
OUT,89.5,51,15.330298132322696,212,fly_ball
OUT,108.6,4,-39.87957659372088,108,ground_ball
OUT,94.4,56,-18.029916593146165,215,fly_ball
OUT,104.3,-14,-37.78710675756098,8,ground_ball
SINGLE,83.7,19,30.458522285566595,236,line_drive
SINGLE,103.7,0,24.078406781010717,55,ground_ball
OUT,93.3,-38,-27.226763193724306,2,ground_ball
SINGLE,86.3,1,10.581411352912937,49,ground_ball
OUT,102.2,16,8.088797946562261,309,line_drive
SINGLE,107.3,-7,-6.588330404304754,10,ground_ball
OUT,102.5,-9,-17.66614844966899,16,ground_ball
OUT,85.2,22,-28.70481993370963,266,line_drive
SINGLE,106.4,17,-35.24334474663693,353,line_drive
OUT,45.3,-12,42.4446447614641,11,ground_ball
OUT,59.0,82,-35.679395566655195,47,popup
SINGLE,86.7,2,3.1560168443637453,55,ground_ball
OUT,91.3,40,12.209969422544845,299,fly_ball
OUT,100.0,30,37.92131671207219,327,fly_ball
OUT,59.5,68,-57.85023928519953,101,popup
DOUBLE,92.0,19,14.077490714322295,309,line_drive
OUT,96.8,21,25.776744496077324,300,line_drive
OUT,75.6,57,-26.63395523637047,180,popup
OUT,82.8,57,-47.513511570215584,200,fly_ball
SINGLE,85.2,12,27.337805887787262,179,line_drive
SINGLE,107.9,10,-28.38609713320681,224,line_drive
HR,98.7,25,24.977320484658616,363,fly_ball
OUT,81.4,29,-14.317008778097275,291,line_drive
OUT,79.1,64,-27.815953116259443,154,popup
OUT,93.2,27,-5.492243931749941,339,fly_ball
OUT,102.9,-3,30.979255375000985,33,ground_ball
HR,100.8,34,37.38422063325737,339,fly_ball
SINGLE,76.5,24,-40.1735332819692,230,line_drive
OUT,86.5,37,-2.897322539540664,304,fly_ball
SINGLE,97.4,5,11.166693323651897,89,ground_ball
OUT,94.7,-17,-28.287032226265683,8,ground_ball
OUT,100.8,37,25.299103968588764,339,fly_ball
OUT,101.2,33,-3.6096246795479447,365,fly_ball
OUT,99.9,42,-6.839407164964542,305,fly_ball
SINGLE,100.1,15,36.82650072687949,219,line_drive
SINGLE,103.9,9,-35.749737341032706,170,line_drive
DOUBLE,72.3,27,-48.3981884077219,212,fly_ball
OUT,105.2,19,-1.2132065657817388,358,line_drive
OUT,108.4,22,-6.076102945648624,396,fly_ball
OUT,102.5,42,25.06789731668297,351,fly_ball
OUT,92.4,55,-41.614566875826974,227,fly_ball
OUT,61.9,-6,31.265422995328535,20,ground_ball
OUT,81.4,48,-38.401041327263314,236,fly_ball
DOUBLE,91.0,25,41.995097015916706,306,line_drive
OUT,75.4,60,7.280462938320097,150,popup
OUT,98.5,-4,28.60279650131402,31,ground_ball
OUT,90.0,38,9.89148414439119,296,fly_ball
OUT,72.8,57,27.894400692653676,161,popup
OUT,84.5,79,73.80218848715235,68,popup
OUT,98.5,-5,43.74774141460482,26,ground_ball
DOUBLE,96.7,14,-45.089967128551166,214,line_drive
OUT,85.2,55,32.90062833580326,201,fly_ball
OUT,106.0,-20,38.208279173960975,6,ground_ball
OUT,81.3,39,-10.317548650584664,274,fly_ball
OUT,89.8,-44,52.7324437892924,2,ground_ball
SINGLE,96.3,15,14.094803907756418,308,line_drive
OUT,102.1,19,26.364731541567004,308,line_drive
OUT,85.0,27,19.032431933798232,294,line_drive
OUT,43.2,14,23.25596064269889,64,ground_ball
OUT,98.3,26,8.906458965688758,367,fly_ball
OUT,64.1,-21,37.586804291250694,4,ground_ball
OUT,83.7,-17,-20.170974969468507,8,ground_ball
SINGLE,72.6,21,-31.09509985172662,199,line_drive
OUT,108.7,-22,50.45875554406026,4,ground_ball
OUT,106.2,-11,22.12342989912041,15,ground_ball
OUT,82.7,67,-34.1304369409614,128,popup
OUT,97.1,33,-6.4559442355472285,354,fly_ball
SINGLE,91.9,2,-8.256491918372054,54,ground_ball
DOUBLE,99.2,27,-12.321748419376574,362,fly_ball
OUT,101.1,37,37.272591409790735,339,fly_ball
OUT,106.6,0,24.43173799611004,43,ground_ball
OUT,81.8,-44,-36.81932768588355,2,ground_ball
SINGLE,58.0,-69,33.22755433747793,1,ground_ball
HR,105.5,33,-30.49808822105375,394,fly_ball
SINGLE,84.3,-11,33.013110692050056,13,ground_ball
DOUBLE,93.3,-13,-54.75673150321362,9,ground_ball
DOUBLE,100.8,21,31.653970013306648,362,line_drive
OUT,82.4,25,-32.48983719078036,266,line_drive
OUT,93.4,-46,28.718900492911718,3,ground_ball
SINGLE,103.0,14,7.305630494284314,242,line_drive
SINGLE,108.8,6,-22.13976270331198,141,ground_ball
OUT,88.1,11,27.949573883751146,153,line_drive
OUT,30.2,41,20.533113805336622,61,popup
SINGLE,93.5,-3,-5.563441935102596,23,ground_ball
OUT,71.4,44,-12.55312492254767,214,popup
OUT,92.4,35,-1.9338057681636918,333,fly_ball
OUT,87.4,31,7.1666459041005055,315,fly_ball
OUT,98.8,-1,25.329300629171602,49,ground_ball
OUT,85.3,23,-6.093525519414011,308,line_drive
OUT,90.8,29,28.36182063075933,335,fly_ball
OUT,96.6,38,10.143447078439692,332,fly_ball
OUT,87.1,-10,50.17084277265665,12,ground_ball
OUT,99.4,-2,-14.985719449752317,40,ground_ball
OUT,93.9,62,0.8015114998919942,178,popup
OUT,96.8,36,16.733568728652806,348,fly_ball
OUT,72.6,60,65.66515894755088,164,popup
OUT,104.4,-6,-10.471240170948866,16,ground_ball
SINGLE,62.8,17,-24.16295580295945,138,ground_ball
OUT,104.8,5,-32.769631103162816,99,ground_ball
OUT,99.4,54,16.53500042093053,265,fly_ball
SINGLE,110.9,12,9.318063231098707,295,line_drive
OUT,70.6,0,39.01558601209053,39,ground_ball
SINGLE,67.8,28,-6.147545792931422,217,fly_ball
SINGLE,87.7,13,-19.19015202915428,216,line_drive
SINGLE,40.6,-61,-37.34934904464059,1,ground_ball
OUT,95.6,-18,42.88866937442399,5,ground_ball
OUT,94.1,70,-15.25119621524894,104,popup
OUT,98.1,35,9.313234879365032,370,fly_ball
DOUBLE,108.3,6,-42.11725877457357,140,line_drive
OUT,75.1,-1,-11.09020331751483,33,ground_ball
OUT,100.7,59,-19.68026650862682,214,fly_ball
SINGLE,100.9,14,17.616153658428253,268,line_drive
OUT,93.7,39,-18.874364925595565,313,fly_ball
DOUBLE,101.5,13,-42.1487033162781,240,line_drive
OUT,104.6,41,-30.849608461034922,342,fly_ball
OUT,80.0,63,9.228207554798413,157,popup
DOUBLE,118.9,1,-7.3902369294958,65,ground_ball
HR,111.8,25,36.27529782500922,372,fly_ball
OUT,79.6,59,11.552949545833624,174,popup
SINGLE,101.1,15,6.064236467915307,279,line_drive
OUT,74.5,-7,-31.93144810031549,18,ground_ball
OUT,85.2,-13,-35.45267362832815,10,ground_ball
OUT,77.9,-10,-32.07169303927195,8,ground_ball
SINGLE,108.8,1,33.13270058869229,56,ground_ball
OUT,82.7,46,-27.72904853733049,249,fly_ball
OUT,94.7,-17,30.47377541607248,9,ground_ball
SINGLE,73.4,22,25.48196764973782,219,line_drive
OUT,84.8,41,-25.263789747857746,275,fly_ball
HR,103.3,28,-16.736979218427855,398,fly_ball
OUT,73.4,-21,35.84560628286587,5,ground_ball
SINGLE,87.6,-2,-36.5837050962069,38,ground_ball
OUT,100.6,48,37.204107631181934,285,fly_ball
DOUBLE,105.5,16,41.195272626302085,258,line_drive
OUT,92.3,28,-3.8089942201354483,337,fly_ball
OUT,96.9,21,2.008163295079187,342,line_drive
SINGLE,101.8,7,29.380870463516892,166,line_drive
SINGLE,91.2,14,-1.0707318204398626,255,line_drive
OUT,96.4,-6,-31.78643969560384,29,ground_ball
SINGLE,104.7,-1,-16.666345813776847,49,ground_ball
DOUBLE,90.0,18,45.13640706564437,214,line_drive
OUT,75.3,85,-13.149502073539383,22,popup
OUT,103.5,33,-4.988978945835661,381,fly_ball
SINGLE,104.6,3,0.9066310436134292,82,ground_ball
SINGLE,84.2,8,3.8426933876472673,137,ground_ball
OUT,107.3,37,-7.095753951286172,374,fly_ball
SINGLE,96.4,5,-18.401391008756086,110,ground_ball
SINGLE,86.6,16,-39.981186217175846,202,line_drive
SINGLE,101.7,10,-10.768432023285746,183,line_drive
OUT,88.8,31,-23.42317871862591,309,fly_ball
OUT,68.8,7,-16.660202893012755,92,ground_ball
OUT,91.1,-13,-40.7763920458651,8,ground_ball
OUT,91.3,-12,1.5201701349156163,11,ground_ball
OUT,75.4,50,-16.962637875456604,202,popup
OUT,56.8,46,35.08445529554557,147,popup
OUT,44.1,-73,-14.09081086048859,0,ground_ball
OUT,74.5,-19,-39.54575484794432,7,ground_ball
OUT,88.4,58,-1.1686718019018234,193,popup
OUT,84.6,62,52.87879962162117,185,popup
OUT,53.0,4,30.561687486367948,44,ground_ball
OUT,68.4,5,-22.937754688337538,67,ground_ball
OUT,94.2,33,23.85236553588452,339,fly_ball
OUT,82.0,-47,-45.59653929898262,3,ground_ball
OUT,71.3,-7,26.158327215510823,18,ground_ball
OUT,83.5,6,23.368701515455,103,ground_ball
SINGLE,82.0,16,-26.63708380943013,191,line_drive
OUT,91.8,36,42.46726898222805,302,fly_ball
OUT,94.6,-8,-12.247994955859824,11,ground_ball
SINGLE,75.1,35,8.117606341810697,255,fly_ball
OUT,76.3,-55,-3.1489304170418975,3,ground_ball
OUT,32.6,59,-20.631227091566384,59,popup
OUT,67.2,-10,21.80737096583432,13,ground_ball
OUT,92.9,42,-21.00714045192971,305,fly_ball
OUT,84.4,76,-38.35135481673108,47,popup
OUT,76.0,-48,26.10384983981399,3,ground_ball
OUT,92.4,21,5.0172615569703245,319,line_drive
OUT,63.5,62,43.10952494026126,131,popup
HR,115.8,27,29.342734183825357,425,fly_ball
OUT,103.7,7,41.719857174075614,125,line_drive
OUT,83.4,9,-12.992915408750573,138,ground_ball
SINGLE,90.6,12,-23.630845761595364,218,line_drive
OUT,88.4,29,-46.1259489203931,326,fly_ball
SINGLE,101.6,4,34.21987270765609,135,ground_ball
OUT,79.8,-3,26.174958280350744,33,ground_ball
HR,105.0,22,31.294398456942314,367,line_drive
SINGLE,100.2,5,21.34078164809165,110,ground_ball
OUT,78.2,-23,-9.942219794803538,6,ground_ball
OUT,102.3,-14,-38.98593153438861,9,ground_ball
OUT,94.1,35,22.831542124707305,327,fly_ball
OUT,81.0,4,26.42838606318381,84,ground_ball
OUT,70.2,43,-30.148089825499415,228,fly_ball
OUT,70.3,14,-14.678464426931304,149,line_drive
HR,107.6,29,44.566318507209765,408,fly_ball
HR,106.8,27,34.420977225936205,405,fly_ball
OUT,99.8,-18,-29.540704624929205,5,ground_ball
OUT,100.1,45,20.22415687809043,301,fly_ball
OUT,84.3,42,23.643899065729148,287,fly_ball
OUT,94.8,37,16.477592967753043,350,fly_ball
OUT,88.7,-20,-18.480431498988853,3,ground_ball
OUT,96.5,-9,-17.47893235672218,13,ground_ball
OUT,86.3,-15,-27.776336108836695,10,ground_ball
OUT,75.0,71,42.518656524448666,90,popup
OUT,65.2,-53,-21.57762547529845,2,ground_ball
OUT,90.7,-12,-21.439865066689332,4,ground_ball
OUT,90.1,22,-27.898034292827145,292,line_drive
SINGLE,43.3,-48,-34.99900692068236,1,ground_ball
OUT,79.3,-27,-17.807811309993724,4,ground_ball
OUT,91.3,62,-54.78278446441454,193,popup
OUT,73.4,55,31.031997006784913,190,fly_ball
OUT,89.5,-10,-33.11953559974887,16,ground_ball
SINGLE,88.1,6,-26.28666656123415,113,ground_ball
OUT,80.8,22,4.147391794307314,271,line_drive
OUT,102.3,6,23.982138855321292,135,ground_ball
OUT,100.5,35,25.09503811215795,359,fly_ball
SINGLE,95.1,18,17.95626319116319,258,line_drive
OUT,96.5,27,12.248432072137858,344,fly_ball
OUT,60.3,28,22.10382936203709,176,popup
DOUBLE,108.5,17,-37.87461342048174,288,line_drive
OUT,82.7,23,-3.2844273590470285,271,line_drive
OUT,87.0,8,-17.736472828544567,123,ground_ball
OUT,83.3,26,26.860363846598574,277,line_drive
OUT,93.3,70,-31.562287379230465,113,popup
OUT,102.0,-4,-10.728622578206915,21,ground_ball
SINGLE,105.9,7,-5.7254445834138465,126,ground_ball
OUT,99.7,40,-0.07325260809113258,352,fly_ball
DOUBLE,100.9,14,11.42149428772664,248,line_drive
OUT,94.0,-27,12.672423596808244,5,ground_ball
OUT,105.9,26,15.468925505163305,397,fly_ball
OUT,103.9,44,-15.18214823875614,341,fly_ball
SINGLE,89.0,16,-32.92320961399922,197,line_drive
OUT,31.5,-15,-45.06180772091483,9,ground_ball
SINGLE,101.1,19,-30.821742817544834,268,line_drive
OUT,101.7,-8,-30.876093539813706,9,ground_ball
OUT,91.5,-14,-38.29696459579631,9,ground_ball
OUT,104.8,-17,34.360223960423504,8,ground_ball
OUT,91.1,30,-33.63945398345957,320,fly_ball
DOUBLE,105.1,15,-45.95407293585481,284,line_drive
SINGLE,107.4,0,12.695319772739682,55,ground_ball
SINGLE,105.9,19,9.916580737315043,318,line_drive
OUT,99.0,-20,23.943619041289285,7,ground_ball
OUT,92.5,61,57.10492408436734,195,fly_ball
OUT,81.7,-21,30.848748611777633,7,ground_ball
SINGLE,37.8,-76,-31.936045872613658,1,ground_ball
SINGLE,75.0,24,-1.3860058280308865,241,line_drive
OUT,66.4,-35,13.529668354522732,4,ground_ball
OUT,84.7,9,26.038972057446816,129,ground_ball
OUT,82.2,-7,-38.84883600549402,13,ground_ball
OUT,95.6,16,-31.237673481394342,274,line_drive
OUT,69.3,-31,17.17100943774166,4,ground_ball
HR,99.9,35,44.91609527693644,358,fly_ball
OUT,99.1,33,-7.594144000216853,375,fly_ball
OUT,91.7,8,-14.440306933131275,109,ground_ball
SINGLE,98.7,4,-23.943409226308933,104,ground_ball
OUT,98.0,-18,10.601500081339125,5,ground_ball
OUT,108.1,4,-22.740355036751165,84,ground_ball
SINGLE,102.8,14,20.687198697764096,279,line_drive
OUT,101.7,25,-6.729365233299551,400,fly_ball
OUT,89.3,1,-21.106936088155702,59,ground_ball
OUT,104.1,19,-15.54798555733194,361,line_drive
OUT,59.9,-2,33.87367919253284,25,ground_ball
OUT,88.7,-16,-19.715493184311434,10,ground_ball
OUT,73.2,19,-25.327959175837872,173,line_drive
OUT,102.9,-8,-8.968691375118258,12,ground_ball
OUT,97.0,17,24.452592118033035,275,line_drive
SINGLE,102.7,11,-29.20066899115757,183,line_drive
OUT,79.7,-15,21.036701019349728,10,ground_ball
DOUBLE,93.2,19,-13.030091466034543,306,line_drive
OUT,66.2,13,5.476558238241728,136,ground_ball
OUT,66.2,-9,27.984378709340156,14,ground_ball
OUT,94.9,-4,-48.21459128035425,27,ground_ball
OUT,103.1,43,-6.4482856748414665,346,fly_ball
OUT,77.0,28,-38.61270045496704,248,line_drive
OUT,92.1,2,-34.64116035150777,58,ground_ball
OUT,76.2,-25,32.16314892087303,4,ground_ball
OUT,82.5,62,29.466870832463968,159,popup
OUT,106.3,18,-32.15897122031217,331,line_drive
OUT,57.4,56,-5.463014444512986,128,popup
OUT,73.4,-4,-13.75433381846342,23,ground_ball
SINGLE,108.6,10,-5.962596833049757,208,line_drive
OUT,88.6,-35,-13.313982050915767,4,ground_ball
OUT,73.3,17,-1.5190716037279428,178,line_drive
OUT,107.2,-27,-5.380496323239619,3,ground_ball
OUT,98.2,29,11.210633128876678,359,fly_ball
OUT,58.2,-55,-33.62852535897803,1,ground_ball
SINGLE,111.4,-7,-14.971395085110618,17,ground_ball
OUT,102.2,-15,-35.92191552333446,7,ground_ball
OUT,93.4,21,-24.90777302116626,324,line_drive
SINGLE,108.7,0,15.294413219157056,50,ground_ball
SINGLE,72.8,28,10.380254007300728,250,fly_ball
OUT,97.1,7,-22.48659573542813,126,ground_ball
OUT,90.0,71,42.434818896048924,92,popup
OUT,61.1,-53,-18.71110261055844,1,ground_ball
SINGLE,67.8,28,9.559141302881558,221,fly_ball
HR,106.4,24,28.26869024972119,398,fly_ball
SINGLE,99.5,18,36.70669910426488,286,line_drive
OUT,105.3,-10,-28.383833835795294,9,ground_ball
OUT,89.1,45,35.14648651852971,277,fly_ball
OUT,78.8,11,24.77072827978646,123,ground_ball
SINGLE,97.5,-12,32.54273787722919,12,ground_ball
SINGLE,88.7,16,37.42535658536515,247,line_drive
OUT,83.2,45,-15.866170375647636,253,fly_ball
OUT,91.6,62,28.737903514607563,171,popup
OUT,97.6,57,0.7749990505661526,227,fly_ball
OUT,80.2,6,-16.439410137425376,83,ground_ball
OUT,98.9,25,-36.78420997618836,376,fly_ball
OUT,84.2,40,15.491931243370235,276,fly_ball
SINGLE,71.7,30,-12.888830310623048,248,fly_ball
SINGLE,108.9,4,-24.05793902194389,103,ground_ball
OUT,91.6,-13,37.789776093450826,8,ground_ball
SINGLE,90.0,-16,9.837300249103311,8,ground_ball
OUT,101.1,31,-1.244142667396371,380,fly_ball
OUT,101.5,-12,-24.281535659585572,11,ground_ball
OUT,87.4,5,-13.614794390059012,113,ground_ball
OUT,96.9,33,-16.39350194031041,345,fly_ball
OUT,101.2,-9,-26.764154830059457,11,ground_ball
SINGLE,90.5,-2,36.40877456777236,24,ground_ball
OUT,67.8,-9,29.7588015540816,16,ground_ball
DOUBLE,89.6,-3,45.264001100780405,22,ground_ball
OUT,98.6,26,-24.03810953744427,340,fly_ball
OUT,85.0,32,33.77341970180944,289,fly_ball
OUT,86.8,81,-44.999999999999964,34,popup
OUT,49.0,58,55.30386609849912,97,popup
HR,107.3,20,15.480368998862321,390,line_drive
SINGLE,90.7,12,-34.307458423892434,154,line_drive
OUT,101.7,1,-14.39941824886733,51,ground_ball
SINGLE,103.2,15,29.911680766085713,275,line_drive
HR,105.7,29,26.15590490898705,398,fly_ball
OUT,76.0,-10,-37.54736804502372,11,ground_ball
OUT,102.6,20,1.1232259949250045,364,fly_ball
OUT,78.2,-37,-36.55771996430267,4,ground_ball
OUT,97.7,17,34.93972278817292,310,line_drive
OUT,72.2,-25,29.213954991515646,2,ground_ball
OUT,78.6,14,-40.94466533174325,158,line_drive
SINGLE,79.8,19,41.201259379354916,216,line_drive
OUT,69.6,-16,-27.663596375716516,8,ground_ball
OUT,84.0,-4,-7.126692546300921,28,ground_ball
SINGLE,96.2,-22,-8.512676666093634,6,ground_ball
OUT,64.2,13,12.841476642911207,110,ground_ball
OUT,34.8,-62,-16.009869744129105,1,ground_ball
OUT,79.6,48,9.410879585499364,231,fly_ball
SINGLE,103.5,-6,26.465274016517597,13,ground_ball
OUT,110.1,-1,-11.930548088812547,37,ground_ball
OUT,102.4,19,-3.664203450483485,366,line_drive
OUT,93.1,-16,25.643482729868037,11,ground_ball
DOUBLE,94.9,-17,-49.96110985264513,10,ground_ball
OUT,101.9,-14,-13.255764147398137,9,ground_ball
SINGLE,101.0,1,3.829489781600261,52,ground_ball
OUT,63.0,-38,-25.063176774791117,2,ground_ball
OUT,112.2,1,-22.443655845794428,63,ground_ball
OUT,89.7,57,-30.195428598726455,202,fly_ball
SINGLE,85.4,6,28.093443381205173,111,ground_ball
OUT,91.1,49,-0.07475679944087728,270,fly_ball
SINGLE,84.9,4,-7.649258166374211,71,ground_ball
SINGLE,102.5,2,-4.141939555632902,72,ground_ball
OUT,81.2,25,-24.876762671005466,273,line_drive
OUT,73.0,5,-35.739884028880596,68,ground_ball
OUT,101.8,25,1.49540621155742,391,fly_ball
OUT,92.1,50,22.38984116592123,266,fly_ball
OUT,106.3,-18,5.206918555468121,6,ground_ball
OUT,90.6,52,-18.856023826875614,256,fly_ball
OUT,94.3,41,38.77342708571172,293,fly_ball
SINGLE,101.4,4,30.923249461070924,99,ground_ball
OUT,98.4,42,-15.913966513228804,331,fly_ball
SINGLE,96.3,15,-9.80668399330817,238,line_drive
SINGLE,62.3,31,-13.550001608137373,200,fly_ball
OUT,72.9,-6,44.456448049774096,22,ground_ball
SINGLE,107.7,2,-8.578914989657884,58,ground_ball
OUT,81.9,48,-23.214512641767737,235,fly_ball
HR,103.4,26,35.772215490816585,376,fly_ball
OUT,110.1,-6,-15.768324775000472,15,ground_ball
SINGLE,92.7,-12,34.60888333258939,10,ground_ball
SINGLE,73.4,-67,-29.66242911061372,1,ground_ball
OUT,106.4,-11,-19.678247886973015,5,ground_ball
OUT,60.9,79,88.17970571461113,46,popup
OUT,68.0,-22,-30.034908447719967,7,ground_ball
OUT,109.3,14,-3.537657051115695,370,line_drive
OUT,98.9,32,-1.7566371090180677,372,fly_ball
OUT,93.8,10,-27.207537315415273,155,line_drive
OUT,87.5,-25,47.41428404222592,6,ground_ball
OUT,86.2,37,-23.909221885616436,310,fly_ball
HR,106.5,29,10.392626860136572,414,fly_ball
SINGLE,90.8,18,-38.400761570609276,257,line_drive
OUT,96.3,21,-27.395033350353508,331,line_drive
OUT,104.7,22,-1.596178455952234,384,line_drive
OUT,97.2,19,25.943868034805455,329,line_drive
OUT,79.2,66,31.70283013341609,145,popup
OUT,93.3,34,1.0781757921929365,343,fly_ball
OUT,76.1,-10,43.88188225369956,14,ground_ball
OUT,62.6,18,-35.673772024179854,141,line_drive
OUT,102.5,16,-35.67691737285469,293,line_drive
SINGLE,105.3,18,10.742051416633053,309,line_drive
OUT,99.9,0,-32.787779350705506,50,ground_ball
SINGLE,85.9,18,-24.552483560211964,256,line_drive
OUT,100.0,18,-33.37993755486119,306,line_drive
OUT,95.4,-24,-42.31499272622401,6,ground_ball
DOUBLE,109.3,18,17.94086740926734,372,line_drive
OUT,96.1,-15,45.52447323130509,11,ground_ball
OUT,102.2,27,-4.445629245789129,386,fly_ball
HR,109.0,27,3.5303132045504757,424,fly_ball
OUT,84.9,64,46.05979047504537,177,popup
SINGLE,110.7,9,-1.2238935321887687,232,line_drive
OUT,72.8,1,51.291268588295324,40,ground_ball
OUT,95.7,61,-9.779273764557555,200,popup
OUT,75.1,1,-34.201421127364256,42,ground_ball
OUT,61.5,-10,3.4322184002329212,12,ground_ball
OUT,33.0,-34,-12.059737886926666,5,ground_ball
OUT,91.0,64,-44.2309270843071,145,popup
OUT,76.5,81,-34.55189601459393,46,popup
OUT,95.8,18,27.93386063034305,312,line_drive
TRIPLE,108.2,19,15.073802505219245,391,line_drive
DOUBLE,99.6,14,-42.077895063016165,231,line_drive
SINGLE,83.1,-42,14.632837402251818,2,ground_ball
SINGLE,83.4,-56,-37.0944354908147,2,ground_ball
SINGLE,99.2,11,-5.406628467165551,189,line_drive
HR,99.3,25,-24.658995729539157,376,fly_ball
OUT,104.5,5,-37.01747176770635,99,ground_ball
OUT,89.5,-24,-37.44804833751106,6,ground_ball
OUT,94.4,-11,-37.761247665353835,9,ground_ball
OUT,99.6,-15,-17.205041121039258,13,ground_ball
OUT,66.4,-25,50.27781533262871,2,ground_ball
OUT,69.1,-51,0.14519933314241856,1,ground_ball
SINGLE,99.8,5,41.0555974959068,106,line_drive
SINGLE,81.2,-32,8.676581671255839,6,ground_ball
OUT,73.9,-7,38.54283846862261,20,ground_ball
OUT,87.0,29,-41.000805259643066,278,fly_ball
OUT,89.5,-4,45.6233298219777,28,ground_ball
DOUBLE,107.5,15,48.9378262985063,289,line_drive
OUT,88.9,9,44.3224205305597,151,line_drive
OUT,90.1,18,-35.893886177589906,263,line_drive
SINGLE,84.3,-3,38.96111477502596,24,ground_ball
SINGLE,99.3,-10,-7.277103217614873,14,ground_ball
DOUBLE,99.7,27,-25.371181811247762,337,fly_ball
OUT,84.4,69,41.592256658931646,126,popup
OUT,73.3,-14,40.35755756697094,11,ground_ball
DOUBLE,88.2,40,40.91679209017533,318,fly_ball
OUT,89.6,-7,25.444305291458534,23,ground_ball
OUT,56.0,-27,-29.28014963051002,6,ground_ball
OUT,98.4,23,-3.178566860072065,375,line_drive
SINGLE,71.8,30,17.830992479419656,235,fly_ball
OUT,71.3,-37,41.58987432824752,2,ground_ball
OUT,88.8,-17,48.51383224957717,9,ground_ball
SINGLE,99.3,23,-33.283870598938186,343,fly_ball
OUT,70.8,51,-5.15115260154611,195,fly_ball
SINGLE,85.9,20,-21.170657433801296,231,line_drive
OUT,85.7,72,-68.14722842262938,101,popup
OUT,84.5,40,26.986594370459454,290,fly_ball
OUT,97.4,18,14.337169458245283,328,line_drive
OUT,56.9,35,33.202751869276234,165,line_drive
SINGLE,102.9,8,24.622119737175662,170,line_drive
OUT,92.1,22,28.785952344857037,309,line_drive
SINGLE,114.3,1,6.2960074978021705,62,ground_ball
OUT,103.0,-12,-14.644479657683076,7,ground_ball
OUT,90.4,23,-24.289789138930512,305,line_drive
SINGLE,100.5,15,5.718734569375401,265,line_drive
OUT,82.9,26,-19.47278403688768,272,line_drive
SINGLE,71.8,28,-22.793431450621874,236,fly_ball
OUT,87.9,1,-15.623555679680091,46,ground_ball
SINGLE,88.7,19,-25.486861562487036,209,line_drive
OUT,61.8,24,-33.772576372411244,155,line_drive
OUT,96.6,-16,24.399749346415582,8,ground_ball
DOUBLE,93.6,11,46.2871287025503,205,line_drive
OUT,57.1,-21,4.535945794495597,9,ground_ball
OUT,96.0,5,-4.789207870592832,83,line_drive
OUT,86.2,-14,36.086168417840305,7,ground_ball
SINGLE,108.3,6,-5.750154554394197,114,ground_ball
SINGLE,104.9,9,4.047647180252049,200,line_drive
SINGLE,97.4,5,-3.0491935099034033,99,ground_ball
OUT,94.5,-27,26.673659279744154,4,ground_ball
SINGLE,89.5,10,31.526765787453183,173,line_drive
OUT,92.5,36,12.937110849102854,318,fly_ball
OUT,76.4,-34,24.885061723746805,4,ground_ball
OUT,86.5,-25,42.270032606640285,4,ground_ball
OUT,81.4,30,-41.740774976543705,285,fly_ball
OUT,87.8,-15,22.001341976298484,7,ground_ball
OUT,68.0,-10,35.73351408819676,8,ground_ball
OUT,81.9,45,-2.2725404991650775,252,fly_ball
OUT,93.3,25,34.012122524236325,322,line_drive
OUT,86.2,68,31.50426671920418,145,popup
SINGLE,102.3,1,-29.810106582897077,54,ground_ball
OUT,61.5,-25,-13.285510167300853,3,ground_ball
SINGLE,84.7,11,-0.11290379606895827,157,line_drive
OUT,94.4,-20,-15.55102080949898,3,ground_ball
OUT,100.3,20,4.214347878041388,354,line_drive
OUT,107.8,7,46.19811042401338,144,line_drive
OUT,81.2,-13,-29.08323630690659,8,ground_ball
OUT,87.6,53,-31.610972141595873,220,fly_ball
OUT,84.6,-9,-27.690154314723877,15,ground_ball
OUT,100.3,45,-10.188845873897453,298,fly_ball
OUT,84.2,41,14.11261678260097,287,fly_ball
OUT,90.3,-5,-33.26541378018074,20,ground_ball
SINGLE,102.3,-4,-32.50450928703271,29,ground_ball
OUT,101.0,50,21.411239962953868,257,fly_ball
OUT,64.1,49,8.027341156546676,179,popup
OUT,105.8,49,-46.73190097892182,303,fly_ball
SINGLE,88.4,6,-23.60926655661856,108,ground_ball
OUT,104.6,-6,28.612154531578682,13,ground_ball
OUT,86.3,33,7.616328844713337,309,fly_ball
SINGLE,82.7,22,10.914217529444365,278,line_drive
DOUBLE,86.8,22,-17.84139484255564,296,line_drive
OUT,66.6,-12,42.93449008069678,11,ground_ball
SINGLE,100.6,11,-4.588861074469986,306,line_drive
OUT,85.8,28,-20.62889389929484,319,fly_ball
OUT,107.5,42,-37.36780784204787,359,fly_ball
OUT,65.4,79,87.71942219460327,50,popup
OUT,100.2,29,-33.75470012346581,376,fly_ball
OUT,82.5,-11,51.7578958282715,14,ground_ball
DOUBLE,94.2,40,40.659752190822765,333,fly_ball
OUT,90.8,-22,33.4023949232784,4,ground_ball
OUT,95.3,16,5.342552069746707,306,line_drive
OUT,52.4,-43,28.953419604685898,2,ground_ball
OUT,86.2,48,-29.91475792504696,247,fly_ball
SINGLE,76.8,9,37.10567251428949,103,ground_ball
OUT,75.7,31,19.20499260975183,254,fly_ball
OUT,90.9,60,23.399031777623875,160,popup
OUT,103.4,34,-9.337068533852369,372,fly_ball
OUT,89.5,63,44.88626899128152,175,fly_ball
OUT,97.6,61,26.632052559265155,176,fly_ball
OUT,107.1,5,-35.876901927846355,102,ground_ball
OUT,83.8,33,4.588565086497573,301,fly_ball
OUT,79.1,60,45.442088290684985,171,popup
SINGLE,66.2,32,-25.858844708103284,204,fly_ball
OUT,57.9,75,76.6937668350951,67,popup
OUT,89.4,25,6.301921805113922,334,line_drive
OUT,86.7,4,32.94990057529551,72,ground_ball
OUT,78.2,-2,-35.87676974837332,25,ground_ball
OUT,82.0,72,-15.862816374616445,104,popup
OUT,94.0,62,5.506186804033363,194,popup
OUT,66.1,19,-21.82451805748334,145,line_drive
OUT,63.6,-73,-4.099084407912976,1,ground_ball
OUT,107.2,-13,-10.948146331885265,8,ground_ball
OUT,88.1,43,44.436782440554786,279,fly_ball
OUT,88.4,26,35.6033228068081,295,line_drive
OUT,108.1,15,10.866932697376278,344,line_drive
OUT,90.6,26,-35.66424869678797,308,fly_ball
OUT,90.6,38,22.33374380523819,302,fly_ball
OUT,87.1,-31,41.727119568904286,4,ground_ball
OUT,86.7,33,1.4271460012734054,317,fly_ball
OUT,94.9,33,6.006885423084675,352,fly_ball
OUT,62.0,44,20.473382294772815,184,popup
OUT,72.2,63,24.966624990120405,144,popup
OUT,99.4,17,2.3304639622196683,304,line_drive
SINGLE,107.9,-9,31.8200268116031,15,ground_ball
SINGLE,105.0,5,24.758221759082847,130,line_drive
SINGLE,83.9,2,-21.286272430176474,62,ground_ball
SINGLE,85.4,3,44.428320850465,78,ground_ball
OUT,86.8,39,-35.33621237572201,324,fly_ball
DOUBLE,101.6,18,-26.022818195339838,338,line_drive
OUT,99.3,25,-28.145480253364706,374,fly_ball
OUT,89.0,21,25.149844298157117,282,line_drive
SINGLE,101.3,12,-0.9605082725138901,225,line_drive
SINGLE,94.3,-14,-27.316975947740147,13,ground_ball
DOUBLE,76.0,17,40.98597857100088,192,line_drive
OUT,72.8,-4,15.954225578694356,19,ground_ball
OUT,86.8,0,-39.437468419923576,43,ground_ball
OUT,67.6,11,-23.742309438477943,110,ground_ball
SINGLE,93.7,12,15.422708885846964,183,line_drive
OUT,85.2,82,-3.8816478247947,9,popup
OUT,101.6,-7,-39.10832232688243,16,ground_ball
OUT,99.7,20,5.619863888688607,336,line_drive
OUT,88.2,35,-11.634788465277882,321,fly_ball
OUT,91.8,46,-15.213908607421521,293,fly_ball
DOUBLE,94.0,11,-21.221357066313566,216,line_drive
OUT,95.7,-12,40.26742517538899,15,ground_ball
OUT,85.1,74,40.172976337987,69,popup
OUT,101.5,21,-1.4956817423601652,384,line_drive
TRIPLE,99.9,12,44.93725898359607,192,line_drive
SINGLE,98.3,7,-5.215171200278153,129,ground_ball
OUT,58.3,-26,28.516750347390644,4,ground_ball
OUT,80.3,86,-2.827644765547047,71,popup
SINGLE,87.7,-3,39.603500962418444,38,ground_ball
SINGLE,95.6,-14,-25.596669358785917,13,ground_ball
DOUBLE,87.9,8,-36.11902979409635,130,ground_ball
OUT,80.2,77,29.65037288036535,46,popup
OUT,96.5,-19,-27.159254660771648,6,ground_ball
OUT,93.9,-19,-12.949043865046864,6,ground_ball
SINGLE,79.0,16,40.44031732581409,203,line_drive
OUT,102.0,27,-23.298379252783523,353,fly_ball
OUT,100.7,2,-42.69008585667452,63,ground_ball
OUT,100.8,9,-17.673464107181132,176,line_drive
HR,102.6,35,-21.45740778182678,387,fly_ball
SINGLE,96.9,13,22.567412198603225,205,line_drive
OUT,97.0,27,-9.855678038639759,357,fly_ball
OUT,72.0,5,-44.071496961363984,69,ground_ball
OUT,97.6,43,21.431371225884572,304,fly_ball
OUT,74.3,39,-4.602385835434096,254,fly_ball
OUT,92.5,40,9.323791949954375,315,fly_ball
OUT,85.2,38,42.324386773134336,300,fly_ball
OUT,95.6,45,31.031306346936464,306,fly_ball
OUT,80.2,25,-31.2904411201279,260,line_drive
OUT,98.7,30,20.671488641264702,367,fly_ball
OUT,74.9,-14,39.71640476660777,6,ground_ball
OUT,83.7,54,-24.82581604927967,207,fly_ball
OUT,79.5,-7,-17.548680562531707,22,ground_ball
OUT,99.0,-10,37.7442002284313,9,ground_ball
DOUBLE,102.5,11,-38.06931213624221,203,line_drive
OUT,93.8,29,-14.231843294373238,364,fly_ball
OUT,91.8,4,-41.05343231756876,81,ground_ball
OUT,94.9,47,15.050921449125477,273,fly_ball
SINGLE,85.2,13,-34.9218405954402,158,line_drive
SINGLE,104.1,-4,39.16599415498935,29,ground_ball
OUT,91.9,2,30.20269518384204,65,ground_ball
OUT,89.9,-34,8.270492894269664,3,ground_ball
OUT,94.3,43,15.889487565975642,306,fly_ball
SINGLE,98.1,9,45.208164657356434,186,line_drive
OUT,85.6,49,11.998589612457367,261,fly_ball
OUT,86.5,-14,-34.2841653499801,8,ground_ball
OUT,80.7,36,40.22293680128963,262,fly_ball
OUT,96.7,6,27.111301989454237,147,ground_ball
SINGLE,102.5,1,-17.366433433915525,61,ground_ball
OUT,83.8,3,-14.725765512054254,59,ground_ball
HR,112.8,39,-30.086481089164238,415,fly_ball
SINGLE,92.5,12,-36.59160122918406,207,line_drive
SINGLE,72.1,30,16.901435274157347,251,fly_ball
SINGLE,81.8,14,21.31591887956797,202,line_drive
